sample,NSD1
TCGA-D8-A1XT-01,12.87
TCGA-E2-A155-01,12.77
TCGA-EW-A1P4-01,12.6
TCGA-A2-A1FW-01,12.58
TCGA-D8-A1Y0-01,12.52
TCGA-D8-A1XK-01,12.48
TCGA-AR-A0TZ-01,12.4
TCGA-A2-A1G1-01,12.4
TCGA-BH-A18P-01,12.37
TCGA-BH-A18R-01,12.37
TCGA-E9-A1R4-01,12.37
TCGA-E9-A2JS-01,12.37
TCGA-AR-A0TS-01,12.36
TCGA-EW-A1P5-01,12.36
TCGA-A7-A26J-01,12.33
TCGA-A1-A0SN-01,12.31
TCGA-A2-A0YG-01,12.3
TCGA-A8-A06Q-01,12.3
TCGA-AR-A2LK-01,12.29
TCGA-A7-A26E-01,12.26
TCGA-AO-A0JD-01,12.25
TCGA-A7-A26F-01,12.24
TCGA-AR-A24R-01,12.22
TCGA-B6-A0X1-01,12.21
TCGA-D8-A1XJ-01,12.21
TCGA-E2-A15M-01,12.2
TCGA-E9-A1R7-01,12.2
TCGA-BH-A0HL-01,12.18
TCGA-AR-A2LR-01,12.17
TCGA-C8-A12Z-01,12.16
TCGA-BH-A18L-01,12.13
TCGA-AR-A24U-01,12.12
TCGA-AO-A1KS-01,12.1
TCGA-E2-A15S-01,12.09
TCGA-BH-A1EU-01,12.09
TCGA-A8-A0A9-01,12.08
TCGA-D8-A1JC-01,12.08
TCGA-B6-A0RU-01,12.07
TCGA-BH-A0B7-01,12.04
TCGA-D8-A1J9-01,12.04
TCGA-A8-A08G-01,12.03
TCGA-BH-A0DD-01,12.02
TCGA-A2-A04T-01,12.02
TCGA-A8-A07E-01,12.02
TCGA-E2-A10B-01,12.02
TCGA-A1-A0SB-01,12.02
TCGA-BH-A18M-01,12.01
TCGA-3C-AAAU-01,12.01
TCGA-D8-A27V-01,12.01
TCGA-A8-A08S-01,12
TCGA-AR-A24H-01,12
TCGA-AR-A254-01,12
TCGA-AR-A255-01,12
TCGA-E9-A1N9-01,11.99
TCGA-AR-A1AY-01,11.98
TCGA-D8-A1JA-01,11.97
TCGA-E9-A1RC-01,11.97
TCGA-D8-A13Z-01,11.96
TCGA-A8-A07G-01,11.96
TCGA-E2-A15P-01,11.96
TCGA-A8-A09G-01,11.95
TCGA-E2-A15T-01,11.95
TCGA-C8-A132-01,11.95
TCGA-D8-A1JG-01,11.95
TCGA-A8-A07I-01,11.94
TCGA-B6-A0WT-01,11.94
TCGA-A8-A08F-01,11.93
TCGA-A8-A09R-01,11.93
TCGA-A2-A0T7-01,11.93
TCGA-A8-A09N-01,11.92
TCGA-A8-A0A2-01,11.92
TCGA-AR-A24Z-01,11.92
TCGA-BH-A0W3-01,11.91
TCGA-AR-A0TR-01,11.91
TCGA-E9-A248-01,11.91
TCGA-E9-A1N5-11,11.9
TCGA-E2-A1B0-01,11.9
TCGA-A8-A07F-01,11.9
TCGA-E2-A15I-01,11.9
TCGA-A2-A4RW-01,11.9
TCGA-AR-A256-01,11.9
TCGA-E9-A22H-01,11.9
TCGA-BH-A0B8-01,11.89
TCGA-A2-A25C-01,11.89
TCGA-A7-A3IZ-01,11.89
TCGA-D8-A1XM-01,11.89
TCGA-LL-A442-01,11.89
TCGA-A8-A07L-01,11.88
TCGA-A2-A0YT-01,11.88
TCGA-AR-A252-01,11.88
TCGA-BH-A18T-01,11.87
TCGA-D8-A1JD-01,11.87
TCGA-D8-A1XB-01,11.87
TCGA-EW-A6S9-01,11.87
TCGA-AN-A03Y-01,11.86
TCGA-B6-A0IM-01,11.86
TCGA-E2-A15R-01,11.86
TCGA-D8-A1XD-01,11.86
TCGA-BH-A0DG-11,11.85
TCGA-A2-A0T3-01,11.85
TCGA-A8-A095-01,11.85
TCGA-BH-A0B5-01,11.85
TCGA-D8-A1X9-01,11.85
TCGA-D8-A1XA-01,11.85
TCGA-D8-A147-01,11.84
TCGA-AN-A0XO-01,11.84
TCGA-BH-A0C1-01,11.84
TCGA-AO-A03O-01,11.83
TCGA-A8-A08O-01,11.83
TCGA-E9-A229-01,11.83
TCGA-BH-A18K-11,11.82
TCGA-A2-A0ET-01,11.82
TCGA-BH-A1FE-11,11.81
TCGA-AR-A1AV-01,11.81
TCGA-A7-A0CG-01,11.81
TCGA-A8-A091-01,11.81
TCGA-AR-A24P-01,11.81
TCGA-D8-A1JM-01,11.81
TCGA-BH-A1EV-01,11.8
TCGA-A8-A08Z-01,11.8
TCGA-A2-A25F-01,11.8
TCGA-BH-A1FU-01,11.8
TCGA-E2-A1IL-01,11.8
TCGA-E9-A1R5-01,11.8
TCGA-BH-A1EW-11,11.79
TCGA-D8-A145-01,11.79
TCGA-AC-A2B8-01,11.79
TCGA-D8-A1JL-01,11.79
TCGA-AR-A0TX-01,11.78
TCGA-A8-A0AB-01,11.78
TCGA-A8-A0A4-01,11.78
TCGA-A7-A13G-01,11.78
TCGA-A8-A09V-01,11.77
TCGA-AC-A2FF-01,11.77
TCGA-BH-A202-01,11.77
TCGA-BH-A28Q-01,11.77
TCGA-BH-A208-11,11.76
TCGA-AN-A0AK-01,11.76
TCGA-B6-A0WV-01,11.76
TCGA-A7-A26I-01,11.76
TCGA-D8-A27K-01,11.76
TCGA-EW-A1OX-01,11.76
TCGA-BH-A18J-01,11.75
TCGA-D8-A13Y-01,11.75
TCGA-AO-A1KO-01,11.75
TCGA-AR-A24L-01,11.75
TCGA-D8-A1X8-01,11.75
TCGA-E2-A1LB-11,11.74
TCGA-B6-A0I9-01,11.74
TCGA-AC-A2QH-01,11.74
TCGA-BH-A18V-06,11.73
TCGA-A8-A076-01,11.73
TCGA-A7-A13D-01,11.73
TCGA-AN-A0FX-01,11.73
TCGA-AC-A2FK-01,11.73
TCGA-D8-A1J8-01,11.73
TCGA-E2-A1LG-01,11.73
TCGA-E9-A226-01,11.73
TCGA-BH-A0DL-01,11.72
TCGA-BH-A0H3-01,11.72
TCGA-A2-A4RX-01,11.72
TCGA-BH-A1FL-01,11.72
TCGA-E2-A152-01,11.71
TCGA-BH-A0W4-01,11.71
TCGA-BH-A18N-01,11.71
TCGA-BH-A204-01,11.71
TCGA-C8-A1HK-01,11.71
TCGA-D8-A27H-01,11.71
TCGA-E9-A1N3-01,11.71
TCGA-S3-A6ZF-01,11.71
TCGA-BH-A18Q-11,11.7
TCGA-A8-A09D-01,11.7
TCGA-A8-A083-01,11.7
TCGA-AC-A2FB-01,11.7
TCGA-AR-A24X-01,11.7
TCGA-BH-A201-01,11.7
TCGA-E9-A1RD-01,11.7
TCGA-E9-A2JT-01,11.7
TCGA-EW-A1PB-01,11.7
TCGA-AR-A1AJ-01,11.69
TCGA-AC-A6IX-01,11.69
TCGA-BH-A0BW-11,11.68
TCGA-A8-A06O-01,11.68
TCGA-A8-A07S-01,11.68
TCGA-AR-A0U2-01,11.68
TCGA-AR-A0U0-01,11.68
TCGA-D8-A27L-01,11.68
TCGA-D8-A27P-01,11.68
TCGA-BH-A0BV-11,11.67
TCGA-A8-A06N-01,11.67
TCGA-BH-A18V-01,11.67
TCGA-AO-A0JA-01,11.67
TCGA-A2-A1G0-01,11.67
TCGA-AC-A2FF-11,11.66
TCGA-A2-A0YK-01,11.66
TCGA-A8-A092-01,11.66
TCGA-AC-A6IX-06,11.65
TCGA-A8-A09X-01,11.65
TCGA-AN-A049-01,11.65
TCGA-A2-A0YM-01,11.65
TCGA-A8-A07R-01,11.65
TCGA-E2-A159-01,11.65
TCGA-A8-A0A1-01,11.65
TCGA-AR-A24O-01,11.65
TCGA-E9-A24A-01,11.65
TCGA-EW-A1J5-01,11.65
TCGA-E2-A15E-06,11.64
TCGA-BH-A0BJ-11,11.64
TCGA-A8-A09C-01,11.64
TCGA-BH-A1EW-01,11.64
TCGA-D8-A140-01,11.64
TCGA-A7-A26H-01,11.64
TCGA-BH-A18R-11,11.63
TCGA-E2-A10A-01,11.63
TCGA-AR-A0TW-01,11.63
TCGA-BH-A0BP-01,11.63
TCGA-E2-A15E-01,11.63
TCGA-A7-A2KD-01,11.63
TCGA-D8-A1XU-01,11.63
TCGA-D8-A27G-01,11.63
TCGA-BH-A0C0-11,11.62
TCGA-BH-A1FU-11,11.62
TCGA-A8-A075-01,11.62
TCGA-A8-A0A7-01,11.62
TCGA-AR-A1AX-01,11.62
TCGA-AQ-A0Y5-01,11.62
TCGA-D8-A27I-01,11.62
TCGA-BH-A0B7-11,11.61
TCGA-BH-A1EV-11,11.61
TCGA-AR-A0TT-01,11.61
TCGA-BH-A18F-01,11.61
TCGA-A8-A099-01,11.61
TCGA-D8-A1JH-01,11.61
TCGA-D8-A1JJ-01,11.61
TCGA-D8-A27W-01,11.61
TCGA-A2-A0YL-01,11.6
TCGA-AR-A24K-01,11.6
TCGA-AR-A2LO-01,11.6
TCGA-BH-A1FB-01,11.6
TCGA-D8-A1JF-01,11.6
TCGA-GM-A3XL-01,11.6
TCGA-E2-A15A-06,11.59
TCGA-A8-A08I-01,11.59
TCGA-AR-A1AI-01,11.59
TCGA-AR-A251-01,11.59
TCGA-BH-A0H5-11,11.58
TCGA-B6-A0IK-01,11.58
TCGA-B6-A0IC-01,11.58
TCGA-BH-A0AU-01,11.58
TCGA-BH-A1FE-01,11.58
TCGA-EW-A1P0-01,11.58
TCGA-BH-A0HA-11,11.57
TCGA-A2-A0CW-01,11.57
TCGA-A8-A097-01,11.57
TCGA-A2-A0EV-01,11.57
TCGA-A8-A093-01,11.57
TCGA-E2-A156-01,11.57
TCGA-D8-A1XO-01,11.57
TCGA-D8-A27F-01,11.57
TCGA-E9-A1NE-01,11.57
TCGA-EW-A1IW-01,11.57
TCGA-BH-A0AZ-11,11.56
TCGA-BH-A0DQ-11,11.56
TCGA-A8-A08J-01,11.56
TCGA-AR-A0U3-01,11.56
TCGA-A8-A07C-01,11.56
TCGA-A2-A0EW-01,11.56
TCGA-A7-A0DB-01,11.56
TCGA-AR-A1AL-01,11.56
TCGA-BH-A0E7-01,11.56
TCGA-A2-A25A-01,11.56
TCGA-AR-A2LM-01,11.56
TCGA-C8-A274-01,11.56
TCGA-D8-A1XS-01,11.56
TCGA-E2-A1L7-01,11.56
TCGA-BH-A1ET-11,11.55
TCGA-AN-A0AS-01,11.55
TCGA-AQ-A04H-01,11.55
TCGA-A1-A0SH-01,11.55
TCGA-AN-A0XN-01,11.55
TCGA-E2-A105-01,11.55
TCGA-B6-A1KN-01,11.55
TCGA-A2-A0T6-01,11.54
TCGA-BH-A0H9-01,11.54
TCGA-AC-A23E-01,11.54
TCGA-D8-A1JE-01,11.54
TCGA-E2-A1II-01,11.54
TCGA-EW-A1IX-01,11.54
TCGA-BH-A0BQ-11,11.53
TCGA-E9-A1RB-11,11.53
TCGA-A1-A0SE-01,11.53
TCGA-BH-A1FH-01,11.53
TCGA-E9-A1RH-01,11.53
TCGA-A8-A096-01,11.52
TCGA-E2-A1AZ-01,11.52
TCGA-E2-A1L6-01,11.52
TCGA-E9-A1RF-01,11.52
TCGA-LQ-A4E4-01,11.52
TCGA-BH-A0AU-11,11.51
TCGA-B6-A0IP-01,11.51
TCGA-E2-A14T-01,11.51
TCGA-E9-A243-01,11.51
TCGA-EW-A1J1-01,11.51
TCGA-EW-A1J2-01,11.51
TCGA-B6-A0WW-01,11.5
TCGA-A8-A07U-01,11.5
TCGA-AR-A0TU-01,11.5
TCGA-BH-A0B1-01,11.5
TCGA-AC-A3OD-01,11.5
TCGA-BH-A1F6-01,11.5
TCGA-D8-A1JB-01,11.5
TCGA-D8-A1X5-01,11.5
TCGA-E9-A1N4-11,11.49
TCGA-A8-A08T-01,11.49
TCGA-A8-A09B-01,11.49
TCGA-AC-A3HN-01,11.49
TCGA-EW-A2FR-01,11.49
TCGA-BH-A18M-11,11.48
TCGA-B6-A0RL-01,11.48
TCGA-BH-A1F0-01,11.48
TCGA-BH-A0BR-01,11.48
TCGA-AC-A2BM-01,11.48
TCGA-BH-A1EY-01,11.48
TCGA-BH-A209-01,11.48
TCGA-E2-A3DX-01,11.48
TCGA-EW-A1OV-01,11.48
TCGA-S3-AA14-01,11.48
TCGA-BH-A0C3-11,11.47
TCGA-BH-A0DL-11,11.47
TCGA-BH-A1EU-11,11.47
TCGA-A8-A06Z-01,11.47
TCGA-E2-A15A-01,11.47
TCGA-AO-A0J6-01,11.47
TCGA-B6-A0RT-01,11.47
TCGA-A8-A086-01,11.47
TCGA-BH-A0DI-01,11.47
TCGA-E2-A106-01,11.47
TCGA-E2-A15J-01,11.47
TCGA-AC-A2FE-01,11.47
TCGA-AR-A24M-01,11.47
TCGA-BH-A1FM-11,11.46
TCGA-A8-A0AD-01,11.46
TCGA-BH-A0W5-01,11.46
TCGA-Z7-A8R6-01,11.46
TCGA-E2-A14S-01,11.45
TCGA-AN-A0G0-01,11.45
TCGA-A8-A07J-01,11.45
TCGA-AN-A0FZ-01,11.45
TCGA-AR-A1AW-01,11.45
TCGA-B6-A0I8-01,11.45
TCGA-A2-A1FV-01,11.45
TCGA-A2-A3XZ-01,11.45
TCGA-AR-A24S-01,11.45
TCGA-E2-A1IU-01,11.45
TCGA-BH-A203-11,11.44
TCGA-A8-A08X-01,11.44
TCGA-AR-A0TQ-01,11.44
TCGA-A2-A0YE-01,11.44
TCGA-BH-A18I-01,11.44
TCGA-A7-A6VW-01,11.44
TCGA-AC-A23H-01,11.44
TCGA-E9-A1N5-01,11.44
TCGA-E9-A5FL-01,11.44
TCGA-BH-A0DO-11,11.43
TCGA-E2-A15C-01,11.43
TCGA-AR-A2LE-01,11.43
TCGA-EW-A1PG-01,11.43
TCGA-GM-A2DH-01,11.43
TCGA-BH-A0B3-11,11.42
TCGA-A2-A0CL-01,11.42
TCGA-A8-A079-01,11.42
TCGA-A8-A09I-01,11.42
TCGA-E2-A14N-01,11.42
TCGA-AN-A0XT-01,11.42
TCGA-E2-A1BC-01,11.42
TCGA-D8-A27R-01,11.42
TCGA-BH-A18P-11,11.41
TCGA-A2-A0YH-01,11.41
TCGA-AO-A0J9-01,11.41
TCGA-E2-A10E-01,11.41
TCGA-E2-A15F-01,11.41
TCGA-E2-A15G-01,11.41
TCGA-AC-A3W7-01,11.41
TCGA-BH-A1FN-01,11.41
TCGA-D8-A146-01,11.41
TCGA-E9-A1RA-01,11.41
TCGA-GM-A2DI-01,11.41
TCGA-C8-A12W-01,11.4
TCGA-A2-A0SY-01,11.4
TCGA-B6-A0X7-01,11.4
TCGA-A2-A3KD-01,11.4
TCGA-E9-A1R3-01,11.4
TCGA-GI-A2C8-11,11.39
TCGA-A8-A09Q-01,11.39
TCGA-AO-A0JI-01,11.39
TCGA-A2-A0ST-01,11.39
TCGA-A7-A0CH-01,11.39
TCGA-B6-A0IH-01,11.39
TCGA-B6-A0X0-01,11.39
TCGA-D8-A141-01,11.39
TCGA-E2-A15H-01,11.39
TCGA-AR-A1AM-01,11.39
TCGA-AR-A2LQ-01,11.39
TCGA-D8-A27M-01,11.39
TCGA-E9-A1ND-01,11.39
TCGA-GI-A2C8-01,11.39
TCGA-BH-A1F2-11,11.38
TCGA-AR-A1AO-01,11.38
TCGA-AN-A041-01,11.38
TCGA-B6-A0I6-01,11.38
TCGA-A8-A06T-01,11.38
TCGA-AC-A3W5-01,11.38
TCGA-B6-A1KC-01,11.38
TCGA-A7-A0CJ-01,11.37
TCGA-AR-A2LN-01,11.37
TCGA-D8-A27E-01,11.37
TCGA-E2-A1IN-01,11.37
TCGA-E9-A1N4-01,11.37
TCGA-S3-AA0Z-01,11.37
TCGA-E2-A15K-06,11.36
TCGA-AN-A0XU-01,11.36
TCGA-A2-A0EN-01,11.36
TCGA-A8-A09A-01,11.36
TCGA-B6-A0RI-01,11.36
TCGA-BH-A0BS-01,11.36
TCGA-AR-A24T-01,11.36
TCGA-AR-A24W-01,11.36
TCGA-BH-A1EN-01,11.36
TCGA-D8-A1XG-01,11.36
TCGA-D8-A27T-01,11.36
TCGA-E9-A1N6-01,11.36
TCGA-S3-A6ZG-01,11.36
TCGA-A2-A0SV-01,11.35
TCGA-A2-A04P-01,11.35
TCGA-AR-A1AR-01,11.35
TCGA-BH-A0WA-01,11.35
TCGA-A7-A0D9-01,11.35
TCGA-AN-A0FS-01,11.35
TCGA-AR-A1AU-01,11.35
TCGA-BH-A0DG-01,11.35
TCGA-E2-A10F-01,11.35
TCGA-AC-A23C-01,11.35
TCGA-E9-A245-01,11.35
TCGA-EW-A1PF-01,11.35
TCGA-E2-A1IG-11,11.34
TCGA-A2-A0D1-01,11.34
TCGA-A2-A0ER-01,11.34
TCGA-AR-A1AP-01,11.34
TCGA-BH-A1EO-01,11.34
TCGA-AR-A250-01,11.34
TCGA-C8-A8HQ-01,11.34
TCGA-LL-A73Y-01,11.34
TCGA-BH-A0BA-11,11.33
TCGA-BH-A0DP-11,11.33
TCGA-BH-A0DT-11,11.33
TCGA-BH-A18J-11,11.33
TCGA-AO-A12D-01,11.33
TCGA-E2-A14X-01,11.33
TCGA-A1-A0SD-01,11.33
TCGA-A2-A04V-01,11.33
TCGA-A8-A090-01,11.33
TCGA-BH-A0BJ-01,11.33
TCGA-AC-A8OS-01,11.33
TCGA-EW-A1J3-01,11.33
TCGA-BH-A0DV-11,11.32
TCGA-A8-A07W-01,11.32
TCGA-AN-A0AM-01,11.32
TCGA-BH-A0C3-01,11.32
TCGA-D8-A143-01,11.32
TCGA-E9-A249-01,11.32
TCGA-GM-A2DM-01,11.32
TCGA-BH-A0B2-11,11.31
TCGA-BH-A18U-11,11.31
TCGA-E2-A1LH-11,11.31
TCGA-BH-A203-01,11.31
TCGA-E9-A1N8-01,11.31
TCGA-OL-A6VO-01,11.31
TCGA-AC-A23H-11,11.3
TCGA-C8-A12T-01,11.3
TCGA-BH-A0BZ-01,11.3
TCGA-A2-A0SX-01,11.3
TCGA-A8-A08H-01,11.3
TCGA-AO-A128-01,11.3
TCGA-A2-A0CZ-01,11.3
TCGA-AN-A046-01,11.3
TCGA-BH-A0BA-01,11.3
TCGA-C8-A1HE-01,11.3
TCGA-A7-A13G-11,11.29
TCGA-BH-A18N-11,11.29
TCGA-AO-A124-01,11.29
TCGA-BH-A0BL-01,11.29
TCGA-A7-A0CD-01,11.29
TCGA-BH-A0HX-01,11.29
TCGA-A7-A4SE-01,11.29
TCGA-BH-A2L8-01,11.29
TCGA-E2-A1IO-01,11.29
TCGA-E2-A153-11,11.28
TCGA-A2-A0EQ-01,11.28
TCGA-A8-A07B-01,11.28
TCGA-A8-A08P-01,11.28
TCGA-AN-A0FY-01,11.28
TCGA-AO-A0JM-01,11.28
TCGA-AR-A0U4-01,11.28
TCGA-A2-A0YC-01,11.28
TCGA-AO-A03V-01,11.28
TCGA-BH-A0E9-01,11.28
TCGA-C8-A12O-01,11.28
TCGA-E2-A15O-01,11.28
TCGA-A7-A0DC-01,11.28
TCGA-E9-A228-01,11.28
TCGA-BH-A209-11,11.27
TCGA-A8-A081-01,11.27
TCGA-A8-A09M-01,11.27
TCGA-BH-A0B9-01,11.27
TCGA-AN-A0FW-01,11.27
TCGA-AO-A0JF-01,11.27
TCGA-A7-A3J1-01,11.27
TCGA-EW-A1P8-01,11.27
TCGA-E2-A14V-01,11.26
TCGA-AN-A0AJ-01,11.26
TCGA-BH-A18U-01,11.26
TCGA-AO-A0J4-01,11.26
TCGA-AC-A8OP-01,11.26
TCGA-PL-A8LV-01,11.26
TCGA-BH-A0BZ-11,11.25
TCGA-BH-A0DK-11,11.25
TCGA-E9-A1RI-11,11.25
TCGA-AR-A1AT-01,11.25
TCGA-A8-A085-01,11.25
TCGA-B6-A0WY-01,11.25
TCGA-AR-A2LL-01,11.25
TCGA-B6-A402-01,11.25
TCGA-BH-A0HU-01,11.24
TCGA-C8-A12M-01,11.24
TCGA-E2-A107-01,11.24
TCGA-E2-A15K-01,11.24
TCGA-BH-A0DQ-01,11.24
TCGA-BH-A1ET-01,11.24
TCGA-AR-A24V-01,11.24
TCGA-BH-A1EX-01,11.24
TCGA-BH-A8FY-01,11.24
TCGA-BH-A1F6-11,11.23
TCGA-AN-A04D-01,11.23
TCGA-E2-A14Y-01,11.23
TCGA-A2-A0EM-01,11.23
TCGA-A2-A0SU-01,11.23
TCGA-A8-A0A6-01,11.23
TCGA-AR-A1AK-01,11.23
TCGA-A7-A13H-01,11.23
TCGA-C8-A137-01,11.22
TCGA-A2-A0D4-01,11.22
TCGA-AO-A0J7-01,11.22
TCGA-AR-A0TV-01,11.22
TCGA-A2-A0CU-01,11.22
TCGA-AN-A0XP-01,11.22
TCGA-BH-A0EA-01,11.22
TCGA-AO-A1KT-01,11.22
TCGA-C8-A1HO-01,11.22
TCGA-C8-A26V-01,11.22
TCGA-D8-A1XC-01,11.22
TCGA-E2-A1IE-01,11.22
TCGA-E9-A247-01,11.22
TCGA-BH-A1FB-11,11.21
TCGA-E2-A1LS-11,11.21
TCGA-E9-A1N9-11,11.21
TCGA-E9-A1NA-11,11.21
TCGA-A8-A06X-01,11.21
TCGA-BH-A0EI-01,11.21
TCGA-A2-A1FX-01,11.21
TCGA-A7-A6VX-01,11.21
TCGA-E9-A295-01,11.21
TCGA-EW-A1IY-01,11.21
TCGA-EW-A1P6-01,11.21
TCGA-BH-A0B8-11,11.2
TCGA-A8-A06U-01,11.2
TCGA-AO-A12E-01,11.2
TCGA-AR-A1AN-01,11.2
TCGA-B6-A0RQ-01,11.2
TCGA-BH-A0EB-01,11.2
TCGA-A2-A259-01,11.2
TCGA-AC-A7VB-01,11.2
TCGA-AO-A0J5-01,11.2
TCGA-AR-A24Q-01,11.2
TCGA-D8-A1X7-01,11.2
TCGA-D8-A1XR-01,11.2
TCGA-D8-A4Z1-01,11.2
TCGA-E9-A1R2-01,11.2
TCGA-E2-A108-01,11.19
TCGA-A1-A0SM-01,11.19
TCGA-A8-A082-01,11.19
TCGA-AO-A0JC-01,11.19
TCGA-A2-A0T0-01,11.19
TCGA-BH-A18K-01,11.19
TCGA-A2-A0ES-01,11.19
TCGA-A8-A06P-01,11.19
TCGA-BH-A0H5-01,11.19
TCGA-BH-A0HQ-01,11.19
TCGA-D8-A1XF-01,11.19
TCGA-E9-A1RE-01,11.19
TCGA-E9-A1RI-01,11.19
TCGA-OL-A5DA-01,11.19
TCGA-OL-A97C-01,11.19
TCGA-A7-A13E-11,11.18
TCGA-BH-A0BM-11,11.18
TCGA-E9-A1R7-11,11.18
TCGA-BH-A0BD-01,11.18
TCGA-E2-A15L-01,11.18
TCGA-BH-A0HO-01,11.18
TCGA-BH-A0W7-01,11.18
TCGA-BH-A1ES-01,11.18
TCGA-AC-A2FO-01,11.18
TCGA-AR-A24N-01,11.18
TCGA-E9-A1R0-01,11.18
TCGA-HN-A2OB-01,11.18
TCGA-LL-A5YO-01,11.18
TCGA-A7-A13F-11,11.17
TCGA-E2-A1L7-11,11.17
TCGA-E9-A1RF-11,11.17
TCGA-BH-A0E1-01,11.17
TCGA-AC-A2QI-01,11.17
TCGA-AQ-A1H2-01,11.17
TCGA-E9-A1NA-01,11.17
TCGA-LL-A7T0-01,11.17
TCGA-AN-A04A-01,11.16
TCGA-BH-A0HP-01,11.16
TCGA-B6-A3ZX-01,11.16
TCGA-D8-A1X6-01,11.16
TCGA-EW-A1PE-01,11.16
TCGA-EW-A2FV-01,11.16
TCGA-LD-A74U-01,11.16
TCGA-OL-A66I-01,11.16
TCGA-S3-AA11-01,11.16
TCGA-BH-A0DD-11,11.15
TCGA-AN-A0FV-01,11.15
TCGA-AQ-A04J-01,11.15
TCGA-E2-A15D-01,11.15
TCGA-BH-A1FD-01,11.15
TCGA-E2-A2P5-01,11.15
TCGA-GM-A3XN-01,11.15
TCGA-LL-A441-01,11.15
TCGA-A7-A0D9-11,11.14
TCGA-BH-A1EN-11,11.14
TCGA-BH-A0C7-01,11.14
TCGA-A1-A0SK-01,11.14
TCGA-AO-A12F-01,11.14
TCGA-A2-A0YI-01,11.14
TCGA-AO-A03M-01,11.14
TCGA-E2-A1B1-01,11.14
TCGA-A2-A3XY-01,11.14
TCGA-AQ-A7U7-01,11.14
TCGA-EW-A1PH-01,11.14
TCGA-E9-A1RH-11,11.13
TCGA-E2-A109-01,11.13
TCGA-E2-A14W-01,11.13
TCGA-BH-A0BT-11,11.12
TCGA-C8-A12Q-01,11.12
TCGA-B6-A0RV-01,11.12
TCGA-BH-A0B0-01,11.12
TCGA-A1-A0SG-01,11.12
TCGA-A7-A6VV-01,11.12
TCGA-AQ-A1H3-01,11.12
TCGA-AR-A5QM-01,11.12
TCGA-B6-A408-01,11.12
TCGA-C8-A3M8-01,11.12
TCGA-GM-A2DB-01,11.12
TCGA-A7-A0DB-11,11.11
TCGA-BH-A0E1-11,11.11
TCGA-BH-A0HY-01,11.11
TCGA-C8-A12P-01,11.11
TCGA-A7-A4SC-01,11.11
TCGA-BH-A0B2-01,11.11
TCGA-C8-A273-01,11.11
TCGA-A7-A0DC-11,11.1
TCGA-E2-A15I-11,11.1
TCGA-E9-A1N6-11,11.1
TCGA-AO-A03L-01,11.1
TCGA-BH-A0H0-01,11.1
TCGA-BH-A18H-01,11.1
TCGA-E2-A154-01,11.1
TCGA-BH-A1F2-01,11.1
TCGA-E2-A1L9-01,11.1
TCGA-E9-A1RC-11,11.09
TCGA-A8-A084-01,11.09
TCGA-A8-A06Y-01,11.09
TCGA-B6-A0WS-01,11.09
TCGA-PE-A5DD-01,11.09
TCGA-BH-A0BW-01,11.08
TCGA-A2-A0YF-01,11.08
TCGA-AO-A0JG-01,11.08
TCGA-BH-A0DX-01,11.08
TCGA-E2-A14Q-01,11.08
TCGA-A7-A425-01,11.08
TCGA-AC-A6NO-01,11.08
TCGA-BH-AB28-01,11.08
TCGA-E9-A1NH-01,11.08
TCGA-EW-A1P7-01,11.08
TCGA-OL-A5RV-01,11.08
TCGA-XX-A899-01,11.08
TCGA-A8-A08B-01,11.07
TCGA-AO-A03P-01,11.07
TCGA-BH-A0DO-01,11.07
TCGA-C8-A26Z-01,11.07
TCGA-C8-A27B-01,11.07
TCGA-D8-A1JU-01,11.07
TCGA-E9-A1RB-01,11.07
TCGA-LL-A440-01,11.07
TCGA-E2-A158-11,11.06
TCGA-AO-A12B-01,11.06
TCGA-AR-A0U1-01,11.06
TCGA-BH-A18Q-01,11.06
TCGA-A8-A08C-01,11.06
TCGA-A1-A0SP-01,11.06
TCGA-A2-A4RY-01,11.06
TCGA-AC-A4ZE-01,11.06
TCGA-BH-A6R9-01,11.06
TCGA-E9-A1R6-01,11.06
TCGA-EW-A1IZ-01,11.06
TCGA-E9-A1RD-11,11.05
TCGA-A8-A08R-01,11.05
TCGA-BH-A0AV-01,11.05
TCGA-A8-A07P-01,11.05
TCGA-A8-A09T-01,11.05
TCGA-B6-A0IG-01,11.05
TCGA-E2-A14Z-01,11.05
TCGA-3C-AALJ-01,11.05
TCGA-A2-A1FZ-01,11.05
TCGA-A2-A1G4-01,11.05
TCGA-AR-A5QP-01,11.05
TCGA-BH-A1F5-01,11.05
TCGA-GM-A2DL-01,11.05
TCGA-PL-A8LX-01,11.05
TCGA-BH-A0B5-11,11.04
TCGA-BH-A1FR-11,11.04
TCGA-E9-A1NF-11,11.04
TCGA-A7-A0DA-01,11.04
TCGA-5L-AAT0-01,11.04
TCGA-AC-A2FG-01,11.04
TCGA-LL-A740-01,11.04
TCGA-UL-AAZ6-01,11.04
TCGA-BH-A1FE-06,11.03
TCGA-A2-A0CY-01,11.03
TCGA-A8-A08A-01,11.03
TCGA-AO-A12C-01,11.03
TCGA-BH-A0DH-01,11.03
TCGA-BH-A8G0-01,11.03
TCGA-C8-A278-01,11.03
TCGA-EW-A6SA-01,11.03
TCGA-BH-A0HW-01,11.02
TCGA-A2-A0CO-01,11.02
TCGA-B6-A1KI-01,11.02
TCGA-BH-A28O-01,11.02
TCGA-D8-A1JI-01,11.02
TCGA-D8-A73U-01,11.02
TCGA-EW-A1P1-01,11.02
TCGA-AC-A2FB-11,11.01
TCGA-BH-A1FN-11,11.01
TCGA-E2-A15M-11,11.01
TCGA-A8-A08L-01,11.01
TCGA-E2-A14P-01,11.01
TCGA-A2-A0YJ-01,11.01
TCGA-A2-A04Y-01,11.01
TCGA-A2-A0EO-01,11.01
TCGA-B6-A0RM-01,11.01
TCGA-BH-A0GY-01,11.01
TCGA-A7-A26G-01,11.01
TCGA-BH-A208-01,11.01
TCGA-C8-A27A-01,11.01
TCGA-XX-A89A-01,11.01
TCGA-BH-A0AY-01,11
TCGA-A1-A0SJ-01,11
TCGA-A2-A0D3-01,11
TCGA-AN-A0XS-01,11
TCGA-B6-A0RN-01,11
TCGA-E2-A1BD-01,11
TCGA-C8-A26Y-01,11
TCGA-D8-A1JN-01,11
TCGA-D8-A1XV-01,11
TCGA-E9-A227-01,11
TCGA-BH-A18L-11,10.99
TCGA-A2-A0D0-01,10.99
TCGA-AO-A12A-01,10.99
TCGA-A7-A3J0-01,10.99
TCGA-AC-A3W6-01,10.99
TCGA-GM-A3NW-01,10.99
TCGA-BH-A204-11,10.98
TCGA-GI-A2C9-11,10.98
TCGA-BH-A0B3-01,10.98
TCGA-AO-A12H-01,10.98
TCGA-BH-A0BC-01,10.98
TCGA-A2-A1G6-01,10.98
TCGA-EW-A423-01,10.98
TCGA-BH-A0DT-01,10.97
TCGA-A8-A09K-01,10.97
TCGA-D8-A1Y2-01,10.97
TCGA-BH-A0BC-11,10.96
TCGA-BH-A1FD-11,10.96
TCGA-B6-A0X5-01,10.96
TCGA-AC-A5EH-01,10.96
TCGA-E2-A1IH-01,10.96
TCGA-BH-A0BS-11,10.95
TCGA-C8-A12L-01,10.95
TCGA-C8-A135-01,10.95
TCGA-AN-A0XL-01,10.95
TCGA-D8-A73W-01,10.95
TCGA-BH-A1FJ-11,10.94
TCGA-AO-A03U-01,10.94
TCGA-AR-A1AQ-01,10.94
TCGA-A2-A0EX-01,10.94
TCGA-AO-A0J8-01,10.94
TCGA-A1-A0SQ-01,10.94
TCGA-A2-A3Y0-01,10.94
TCGA-E9-A1QZ-01,10.94
TCGA-EW-A3U0-01,10.94
TCGA-EW-A6SB-01,10.94
TCGA-BH-A18S-11,10.93
TCGA-BH-A1F8-11,10.93
TCGA-C8-A12K-01,10.93
TCGA-BH-A1FR-01,10.93
TCGA-C8-A275-01,10.93
TCGA-D8-A1Y1-01,10.93
TCGA-D8-A73X-01,10.93
TCGA-EW-A2FW-01,10.93
TCGA-BH-A0AY-11,10.92
TCGA-BH-A0H7-11,10.92
TCGA-A2-A0YD-01,10.92
TCGA-BH-A0H7-01,10.92
TCGA-4H-AAAK-01,10.92
TCGA-EW-A1PD-01,10.92
TCGA-BH-A0HK-11,10.91
TCGA-AN-A0FF-01,10.91
TCGA-A7-A13E-01,10.91
TCGA-3C-AALI-01,10.91
TCGA-A1-A0SF-01,10.91
TCGA-A2-A3XS-01,10.91
TCGA-A7-A4SD-01,10.91
TCGA-AO-A1KP-01,10.91
TCGA-MS-A51U-01,10.91
TCGA-A2-A0CM-01,10.9
TCGA-AC-A6IV-01,10.9
TCGA-E2-A14U-01,10.9
TCGA-OL-A5D7-01,10.9
TCGA-PE-A5DE-01,10.9
TCGA-S3-AA17-01,10.9
TCGA-BH-A0EE-01,10.89
TCGA-A2-A0CT-01,10.89
TCGA-C8-A12V-01,10.89
TCGA-A2-A0T5-01,10.89
TCGA-A2-A4S0-01,10.89
TCGA-E2-A1IJ-01,10.89
TCGA-E2-A1LH-01,10.89
TCGA-BH-A0E0-11,10.88
TCGA-A8-A07Z-01,10.88
TCGA-A2-A0EU-01,10.88
TCGA-BH-A0DP-01,10.88
TCGA-AR-A2LH-01,10.88
TCGA-E2-A1LE-01,10.88
TCGA-AN-A0XR-01,10.87
TCGA-B6-A0X4-01,10.87
TCGA-C8-A26W-01,10.87
TCGA-D8-A3Z6-01,10.87
TCGA-PL-A8LZ-01,10.87
TCGA-S3-AA10-01,10.87
TCGA-S3-AA15-01,10.87
TCGA-BH-A0DZ-11,10.86
TCGA-BH-A1F0-11,10.86
TCGA-BH-A0E2-01,10.86
TCGA-BH-A1F8-01,10.86
TCGA-E9-A22D-01,10.86
TCGA-OK-A5Q2-01,10.86
TCGA-A7-A0CE-11,10.85
TCGA-A2-A0CQ-01,10.85
TCGA-A2-A4S2-01,10.85
TCGA-AC-A2FM-01,10.85
TCGA-E2-A1IG-01,10.85
TCGA-PL-A8LY-01,10.85
TCGA-C8-A1HL-01,10.84
TCGA-AN-A0AT-01,10.84
TCGA-B6-A0IJ-01,10.84
TCGA-E9-A54X-01,10.84
TCGA-JL-A3YX-01,10.84
TCGA-OL-A6VQ-01,10.84
TCGA-A1-A0SO-01,10.83
TCGA-AR-A0TP-01,10.83
TCGA-E2-A150-01,10.83
TCGA-AO-A12G-01,10.83
TCGA-BH-A0AZ-01,10.83
TCGA-A7-A4SB-01,10.83
TCGA-AC-A23G-01,10.83
TCGA-AC-A8OR-01,10.83
TCGA-D8-A3Z5-01,10.83
TCGA-EW-A6SC-01,10.83
TCGA-A2-A0T4-01,10.82
TCGA-A2-A3XT-01,10.82
TCGA-GM-A2D9-01,10.82
TCGA-A2-A04R-01,10.81
TCGA-3C-AALK-01,10.81
TCGA-OL-A5D8-01,10.81
TCGA-S3-A6ZH-01,10.81
TCGA-A2-A0T1-01,10.8
TCGA-C8-A138-01,10.8
TCGA-A8-A06R-01,10.8
TCGA-BH-A0BG-01,10.8
TCGA-E2-A1B5-01,10.8
TCGA-C8-A1HI-01,10.8
TCGA-EW-A1OY-01,10.8
TCGA-EW-A1PC-01,10.8
TCGA-LD-A7W6-01,10.8
TCGA-B6-A0RS-01,10.79
TCGA-BH-A0BQ-01,10.79
TCGA-BH-A0DE-01,10.79
TCGA-A1-A0SI-01,10.79
TCGA-LD-A7W5-01,10.79
TCGA-BH-A1FH-11,10.78
TCGA-C8-A12Y-01,10.78
TCGA-C8-A3M7-01,10.78
TCGA-E9-A1NG-11,10.77
TCGA-A2-A0EY-01,10.77
TCGA-A8-A09Z-01,10.77
TCGA-A2-A0D2-01,10.77
TCGA-B6-A0RE-01,10.77
TCGA-A2-A3KC-01,10.77
TCGA-E2-A1LI-01,10.77
TCGA-EW-A1OZ-01,10.77
TCGA-GM-A2DC-01,10.77
TCGA-GM-A2DN-01,10.77
TCGA-BH-A0C0-01,10.76
TCGA-C8-A1HG-01,10.76
TCGA-A2-A25B-01,10.76
TCGA-C8-A12U-01,10.75
TCGA-C8-A1HN-01,10.75
TCGA-AR-A1AS-01,10.75
TCGA-A2-A0EP-01,10.75
TCGA-A2-A25D-01,10.75
TCGA-A2-A25E-01,10.75
TCGA-B6-A40C-01,10.75
TCGA-BH-A42V-01,10.75
TCGA-EW-A6SD-01,10.75
TCGA-AO-A126-01,10.74
TCGA-BH-A0DK-01,10.74
TCGA-5L-AAT1-01,10.74
TCGA-E2-A1LB-01,10.74
TCGA-C8-A12X-01,10.73
TCGA-BH-A0E0-01,10.73
TCGA-B6-A0RG-01,10.73
TCGA-B6-A0RO-01,10.73
TCGA-A2-A4S3-01,10.73
TCGA-BH-A0DV-01,10.73
TCGA-BH-A1FC-01,10.73
TCGA-D8-A27N-01,10.73
TCGA-E9-A1NI-01,10.73
TCGA-GM-A2DA-01,10.73
TCGA-OL-A5RZ-01,10.73
TCGA-A2-A04X-01,10.72
TCGA-AR-A1AH-01,10.72
TCGA-C8-A134-01,10.72
TCGA-GM-A2DF-01,10.72
TCGA-LL-A73Z-01,10.72
TCGA-AO-A0JE-01,10.71
TCGA-A2-A04N-01,10.71
TCGA-BH-A0B4-01,10.71
TCGA-BH-A0BM-01,10.71
TCGA-BH-A0BO-01,10.71
TCGA-BH-A0HI-01,10.71
TCGA-AC-A8OQ-01,10.71
TCGA-GM-A3NY-01,10.71
TCGA-OL-A5RY-01,10.71
TCGA-BH-A0HF-01,10.7
TCGA-E2-A1B4-01,10.7
TCGA-A7-A5ZV-01,10.7
TCGA-D8-A1XY-01,10.7
TCGA-B6-A0RH-01,10.69
TCGA-AN-A0AL-01,10.69
TCGA-B6-A400-01,10.69
TCGA-HN-A2NL-01,10.69
TCGA-OL-A5RX-01,10.69
TCGA-B6-A0IN-01,10.68
TCGA-C8-A12N-01,10.68
TCGA-OL-A6VR-01,10.68
TCGA-E2-A1BC-11,10.67
TCGA-C8-A1HF-01,10.67
TCGA-AO-A0J3-01,10.67
TCGA-E2-A10C-01,10.67
TCGA-A2-A0CP-01,10.67
TCGA-B6-A0RP-01,10.67
TCGA-BH-A0B6-01,10.67
TCGA-BH-A42T-01,10.67
TCGA-C8-A8HP-01,10.67
TCGA-E2-A2P6-01,10.67
TCGA-GM-A2DD-01,10.67
TCGA-C8-A133-01,10.66
TCGA-E9-A1NG-01,10.66
TCGA-EW-A1OW-01,10.66
TCGA-BH-A0DH-11,10.65
TCGA-A7-A3RF-01,10.65
TCGA-C8-A1HJ-01,10.65
TCGA-EW-A1J6-01,10.65
TCGA-B6-A40B-01,10.64
TCGA-LD-A9QF-01,10.64
TCGA-A2-A0CV-01,10.63
TCGA-AC-A3BB-01,10.63
TCGA-BH-A1FJ-01,10.63
TCGA-E9-A244-01,10.63
TCGA-AN-A04C-01,10.62
TCGA-AN-A0FK-01,10.62
TCGA-B6-A0IQ-01,10.62
TCGA-BH-A0H6-01,10.62
TCGA-AC-A3EH-01,10.62
TCGA-E9-A5UO-01,10.62
TCGA-BH-A1FC-11,10.61
TCGA-A2-A04U-01,10.61
TCGA-LL-A5YP-01,10.61
TCGA-A2-A0SW-01,10.6
TCGA-AN-A0XW-01,10.6
TCGA-AN-A0FN-01,10.6
TCGA-A2-A0CK-01,10.59
TCGA-A7-A6VY-01,10.59
TCGA-E9-A5UP-01,10.59
TCGA-GI-A2C9-01,10.59
TCGA-OL-A5D6-01,10.59
TCGA-BH-A0GZ-01,10.58
TCGA-AC-A3YI-01,10.58
TCGA-E9-A1NF-01,10.58
TCGA-AO-A0JJ-01,10.57
TCGA-B6-A0I5-01,10.57
TCGA-BH-A0HA-01,10.57
TCGA-BH-A0HK-01,10.57
TCGA-A2-A3XU-01,10.57
TCGA-BH-A1FM-01,10.57
TCGA-W8-A86G-01,10.57
TCGA-A7-A0CH-11,10.56
TCGA-A7-A426-01,10.56
TCGA-D8-A1JT-01,10.56
TCGA-E2-A1IP-01,10.56
TCGA-AO-A129-01,10.55
TCGA-GM-A2DK-01,10.55
TCGA-LL-A8F5-01,10.55
TCGA-A8-A094-01,10.54
TCGA-BH-A0AW-01,10.53
TCGA-A7-A5ZW-01,10.53
TCGA-GM-A5PV-01,10.53
TCGA-A8-A09W-01,10.52
TCGA-EW-A1P3-01,10.52
TCGA-AC-A7VC-01,10.51
TCGA-BH-A5IZ-01,10.51
TCGA-E2-A1IK-01,10.51
TCGA-A2-A0T2-01,10.5
TCGA-D8-A142-01,10.5
TCGA-BH-A0BV-01,10.5
TCGA-E2-A153-01,10.5
TCGA-A7-A4SA-01,10.5
TCGA-E2-A1IF-01,10.5
TCGA-E2-A1LL-01,10.5
TCGA-GM-A3XG-01,10.49
TCGA-A8-A07O-01,10.48
TCGA-AN-A0XV-01,10.48
TCGA-BH-A5J0-01,10.48
TCGA-D8-A1XZ-01,10.48
TCGA-E9-A22E-01,10.48
TCGA-EW-A2FS-01,10.48
TCGA-AC-A2BK-01,10.47
TCGA-B6-A1KF-01,10.47
TCGA-S3-AA12-01,10.47
TCGA-AO-A125-01,10.46
TCGA-A7-A5ZX-01,10.46
TCGA-D8-A1XW-01,10.46
TCGA-EW-A1PA-01,10.46
TCGA-E2-A15K-11,10.45
TCGA-AO-A03R-01,10.45
TCGA-BH-A18S-01,10.45
TCGA-5T-A9QA-01,10.45
TCGA-A7-A3IY-01,10.45
TCGA-BH-A8FZ-01,10.45
TCGA-E2-A56Z-01,10.45
TCGA-E2-A576-01,10.45
TCGA-PE-A5DC-01,10.45
TCGA-AO-A03T-01,10.44
TCGA-AO-A0JL-01,10.44
TCGA-AO-A1KQ-01,10.44
TCGA-B6-A0IB-01,10.43
TCGA-AN-A0AR-01,10.43
TCGA-B6-A0WZ-01,10.43
TCGA-AC-A6IW-01,10.43
TCGA-GM-A2DO-01,10.43
TCGA-OL-A5RU-01,10.43
TCGA-A2-A3XW-01,10.42
TCGA-C8-A26X-01,10.42
TCGA-E9-A3QA-01,10.42
TCGA-BH-A0HB-01,10.41
TCGA-OL-A5RW-01,10.41
TCGA-C8-A130-01,10.4
TCGA-D8-A1JP-01,10.4
TCGA-E2-A1LK-01,10.4
TCGA-AO-A03N-01,10.39
TCGA-A2-A0CR-01,10.39
TCGA-E2-A573-01,10.39
TCGA-JL-A3YW-01,10.39
TCGA-OL-A66H-01,10.39
TCGA-E9-A1ND-11,10.38
TCGA-A2-A04Q-01,10.38
TCGA-A2-A0CX-01,10.37
TCGA-B6-A0IO-01,10.37
TCGA-A2-A4S1-01,10.37
TCGA-AR-A5QN-01,10.37
TCGA-EW-A424-01,10.37
TCGA-BH-A0E6-01,10.36
TCGA-E9-A3Q9-01,10.34
TCGA-BH-A0RX-01,10.33
TCGA-A2-A04W-01,10.32
TCGA-B6-A0WX-01,10.32
TCGA-EW-A3E8-01,10.32
TCGA-AN-A0FD-01,10.31
TCGA-E2-A158-01,10.3
TCGA-A7-A13F-01,10.29
TCGA-E2-A1L8-01,10.29
TCGA-E9-A22B-01,10.29
TCGA-B6-A0I2-01,10.28
TCGA-A2-A0CS-01,10.28
TCGA-A2-A3XX-01,10.28
TCGA-AC-A5XU-01,10.28
TCGA-BH-A6R8-01,10.28
TCGA-BH-A0DS-01,10.27
TCGA-E2-A9RU-01,10.27
TCGA-LD-A66U-01,10.27
TCGA-AC-A5XS-01,10.26
TCGA-B6-A2IU-01,10.25
TCGA-D8-A1XQ-01,10.25
TCGA-WT-AB44-01,10.25
TCGA-AN-A0FJ-01,10.24
TCGA-A8-A09E-01,10.24
TCGA-B6-A409-01,10.24
TCGA-E9-A22G-01,10.24
TCGA-LL-A6FQ-01,10.24
TCGA-BH-A18V-11,10.23
TCGA-BH-A1FG-01,10.23
TCGA-BH-A42U-01,10.23
TCGA-AO-A1KR-01,10.22
TCGA-GM-A4E0-01,10.22
TCGA-AR-A2LJ-01,10.21
TCGA-C8-A1HM-01,10.2
TCGA-C8-A131-01,10.2
TCGA-AN-A03X-01,10.2
TCGA-AC-A62Y-01,10.2
TCGA-AC-A3QP-01,10.19
TCGA-E9-A5FK-01,10.19
TCGA-BH-A1FG-11,10.18
TCGA-BH-A0DZ-01,10.18
TCGA-D8-A1XL-01,10.18
TCGA-E9-A1NC-01,10.18
TCGA-LL-A9Q3-01,10.18
TCGA-AC-A3YJ-01,10.17
TCGA-AR-A5QQ-01,10.17
TCGA-AQ-A04L-01,10.16
TCGA-AC-A3TN-01,10.16
TCGA-AQ-A54N-01,10.16
TCGA-C8-A8HR-01,10.16
TCGA-D8-A1Y3-01,10.16
TCGA-E9-A3HO-01,10.16
TCGA-BH-A0BF-01,10.15
TCGA-BH-A0HN-01,10.15
TCGA-BH-A1EO-11,10.12
TCGA-AO-A0JB-01,10.12
TCGA-A7-A0CE-01,10.11
TCGA-E2-A570-01,10.08
TCGA-BH-A18G-01,10.07
TCGA-AO-A0J2-01,10.06
TCGA-A7-A4SF-01,10.06
TCGA-AC-A3TM-01,10.06
TCGA-D8-A1JK-01,10.06
TCGA-LL-A50Y-01,10.03
TCGA-LL-A7SZ-01,10.02
TCGA-E2-A1LS-01,10.01
TCGA-OL-A66K-01,10.01
TCGA-B6-A401-01,9.999
TCGA-E9-A54Y-01,9.996
TCGA-E2-A1LA-01,9.974
TCGA-AN-A0FL-01,9.963
TCGA-LL-A5YN-01,9.946
TCGA-BH-A0H9-11,9.929
TCGA-AC-A62X-01,9.918
TCGA-AC-A2FM-11,9.912
TCGA-E9-A6HE-01,9.899
TCGA-D8-A1JS-01,9.895
TCGA-LL-A6FP-01,9.885
TCGA-Z7-A8R5-01,9.873
TCGA-AC-A3QQ-01,9.847
TCGA-LL-A5YL-01,9.843
TCGA-B6-A0IE-01,9.842
TCGA-B6-A0IA-01,9.839
TCGA-BH-A0BT-01,9.818
TCGA-E9-A1RG-01,9.817
TCGA-OL-A5S0-01,9.815
TCGA-E2-A14O-01,9.792
TCGA-A7-A56D-01,9.775
TCGA-E9-A22A-01,9.765
TCGA-BH-A1ES-06,9.758
TCGA-OL-A66P-01,9.742
TCGA-OL-A66J-01,9.738
TCGA-E2-A574-01,9.712
TCGA-GM-A5PX-01,9.71
TCGA-UU-A93S-01,9.702
TCGA-AC-A2QJ-01,9.606
TCGA-V7-A7HQ-01,9.597
TCGA-AC-A62V-01,9.579
TCGA-OL-A66O-01,9.578
TCGA-AR-A0TY-01,9.565
TCGA-AN-A0FT-01,9.562
TCGA-E2-A1B6-01,9.553
TCGA-OL-A66N-01,9.538
TCGA-E2-A572-01,9.473
TCGA-B6-A0I1-01,9.465
TCGA-OL-A66L-01,9.438
TCGA-AQ-A54O-01,9.4
TCGA-A2-A3XV-01,9.399
TCGA-LL-A5YM-01,9.379
TCGA-E2-A14R-01,9.328
TCGA-E9-A3X8-01,9.297
TCGA-WT-AB41-01,9.074
TCGA-LL-A6FR-01,8.923
TCGA-A7-A4SA-11,
TCGA-A7-A4SC-11,
TCGA-A7-A4SD-11,
TCGA-A7-A4SE-11,
TCGA-AC-A2FG-11,
TCGA-BH-A0BF-11,
TCGA-BH-A0BL-11,
TCGA-BH-A0BO-11,
TCGA-BH-A0DE-11,
TCGA-BH-A0DI-11,
TCGA-BH-A18F-11,
TCGA-BH-A1ES-11,
TCGA-BH-A1EY-11,
TCGA-BH-A1F5-11,
TCGA-E2-A14Y-11,
TCGA-E2-A15L-11,
TCGA-E2-A1B5-11,
TCGA-E2-A1IF-11,
TCGA-E2-A1II-11,
TCGA-E2-A1IO-11,
TCGA-E2-A1LI-11,
TCGA-E9-A1N8-11,
TCGA-E9-A1NE-11,
TCGA-E9-A1NH-11,
TCGA-XX-A899-11,
TCGA-AC-A5EI-01,
TCGA-AN-A0FE-01,
TCGA-AN-A0FG-01,
TCGA-C8-A9FZ-01,
