Study ID,Patient ID,Sample ID,NSD1: mRNA expression z-scores relative to all samples (log microarray)
brca_metabric,MB-0000,MB-0000,-1.1518
brca_metabric,MB-0002,MB-0002,0.5504
brca_metabric,MB-0005,MB-0005,-1.9043
brca_metabric,MB-0006,MB-0006,-1.5423
brca_metabric,MB-0008,MB-0008,-0.7673
brca_metabric,MB-0010,MB-0010,-0.8345
brca_metabric,MB-0014,MB-0014,-1.3011
brca_metabric,MB-0020,MB-0020,-1.1725
brca_metabric,MB-0022,MB-0022,-1.0443
brca_metabric,MB-0025,MB-0025,NA
brca_metabric,MB-0028,MB-0028,1.6858
brca_metabric,MB-0035,MB-0035,1.5679
brca_metabric,MB-0036,MB-0036,-1.1221
brca_metabric,MB-0039,MB-0039,-0.3165
brca_metabric,MB-0045,MB-0045,-0.616
brca_metabric,MB-0046,MB-0046,-0.8408
brca_metabric,MB-0048,MB-0048,-0.6216
brca_metabric,MB-0050,MB-0050,-0.0862
brca_metabric,MB-0053,MB-0053,-1.4057
brca_metabric,MB-0054,MB-0054,-1.8188
brca_metabric,MB-0056,MB-0056,-1.5847
brca_metabric,MB-0059,MB-0059,-0.8714
brca_metabric,MB-0060,MB-0060,-0.5006
brca_metabric,MB-0062,MB-0062,-2.102
brca_metabric,MB-0064,MB-0064,-1.1488
brca_metabric,MB-0066,MB-0066,0.0359
brca_metabric,MB-0068,MB-0068,-0.322
brca_metabric,MB-0071,MB-0071,-1.7518
brca_metabric,MB-0079,MB-0079,-1.551
brca_metabric,MB-0081,MB-0081,-0.7399
brca_metabric,MB-0083,MB-0083,-1.329
brca_metabric,MB-0093,MB-0093,-0.4485
brca_metabric,MB-0095,MB-0095,-0.572
brca_metabric,MB-0097,MB-0097,-0.9004
brca_metabric,MB-0099,MB-0099,-0.7778
brca_metabric,MB-0100,MB-0100,-0.237
brca_metabric,MB-0101,MB-0101,-1.1063
brca_metabric,MB-0102,MB-0102,-0.6039
brca_metabric,MB-0106,MB-0106,-0.6073
brca_metabric,MB-0107,MB-0107,-2.1913
brca_metabric,MB-0108,MB-0108,-1.1599
brca_metabric,MB-0109,MB-0109,0.0173
brca_metabric,MB-0110,MB-0110,-0.292
brca_metabric,MB-0111,MB-0111,-0.6251
brca_metabric,MB-0112,MB-0112,0.4206
brca_metabric,MB-0113,MB-0113,-1.0909
brca_metabric,MB-0114,MB-0114,0.1639
brca_metabric,MB-0115,MB-0115,-0.5401
brca_metabric,MB-0116,MB-0116,-0.5941
brca_metabric,MB-0117,MB-0117,1.1096
brca_metabric,MB-0119,MB-0119,-2.2869
brca_metabric,MB-0120,MB-0120,-0.7963
brca_metabric,MB-0121,MB-0121,-1.0708
brca_metabric,MB-0122,MB-0122,-0.7923
brca_metabric,MB-0123,MB-0123,-0.8351
brca_metabric,MB-0124,MB-0124,-1.5429
brca_metabric,MB-0125,MB-0125,-0.0851
brca_metabric,MB-0126,MB-0126,-0.8765
brca_metabric,MB-0127,MB-0127,-0.4492
brca_metabric,MB-0128,MB-0128,0.1783
brca_metabric,MB-0129,MB-0129,-0.5184
brca_metabric,MB-0130,MB-0130,-0.7964
brca_metabric,MB-0131,MB-0131,-0.1181
brca_metabric,MB-0133,MB-0133,-1.0636
brca_metabric,MB-0134,MB-0134,-0.6285
brca_metabric,MB-0135,MB-0135,1.6676
brca_metabric,MB-0136,MB-0136,-0.0096
brca_metabric,MB-0138,MB-0138,-0.5693
brca_metabric,MB-0139,MB-0139,0.047
brca_metabric,MB-0140,MB-0140,-0.7628
brca_metabric,MB-0142,MB-0142,-0.6354
brca_metabric,MB-0143,MB-0143,-0.2914
brca_metabric,MB-0144,MB-0144,-0.7974
brca_metabric,MB-0145,MB-0145,0.2358
brca_metabric,MB-0146,MB-0146,0.163
brca_metabric,MB-0147,MB-0147,-1.2256
brca_metabric,MB-0148,MB-0148,-0.8497
brca_metabric,MB-0149,MB-0149,-1.8305
brca_metabric,MB-0150,MB-0150,-0.3881
brca_metabric,MB-0151,MB-0151,-0.7086
brca_metabric,MB-0152,MB-0152,-0.8587
brca_metabric,MB-0153,MB-0153,-1.1883
brca_metabric,MB-0154,MB-0154,-1.4365
brca_metabric,MB-0155,MB-0155,0.1971
brca_metabric,MB-0156,MB-0156,-0.4589
brca_metabric,MB-0157,MB-0157,-0.1874
brca_metabric,MB-0158,MB-0158,-0.5652
brca_metabric,MB-0159,MB-0159,-0.8339
brca_metabric,MB-0160,MB-0160,-0.1303
brca_metabric,MB-0162,MB-0162,0.1287
brca_metabric,MB-0163,MB-0163,0.3625
brca_metabric,MB-0164,MB-0164,-0.2737
brca_metabric,MB-0165,MB-0165,-0.6049
brca_metabric,MB-0166,MB-0166,-0.5237
brca_metabric,MB-0167,MB-0167,-0.0676
brca_metabric,MB-0168,MB-0168,0.2072
brca_metabric,MB-0169,MB-0169,-0.7932
brca_metabric,MB-0170,MB-0170,-0.7758
brca_metabric,MB-0171,MB-0171,-1.0759
brca_metabric,MB-0172,MB-0172,-0.5184
brca_metabric,MB-0173,MB-0173,0.3061
brca_metabric,MB-0174,MB-0174,-0.6195
brca_metabric,MB-0175,MB-0175,-0.9251
brca_metabric,MB-0176,MB-0176,-1.0948
brca_metabric,MB-0177,MB-0177,-1.2427
brca_metabric,MB-0178,MB-0178,0.6176
brca_metabric,MB-0179,MB-0179,-1.0925
brca_metabric,MB-0180,MB-0180,-0.2809
brca_metabric,MB-0181,MB-0181,-0.0429
brca_metabric,MB-0184,MB-0184,-0.1989
brca_metabric,MB-0185,MB-0185,0.2347
brca_metabric,MB-0188,MB-0188,-1.0448
brca_metabric,MB-0189,MB-0189,-0.4154
brca_metabric,MB-0191,MB-0191,-0.2386
brca_metabric,MB-0192,MB-0192,0.4221
brca_metabric,MB-0193,MB-0193,0.02
brca_metabric,MB-0194,MB-0194,-0.2684
brca_metabric,MB-0195,MB-0195,-1.2026
brca_metabric,MB-0197,MB-0197,-1.1136
brca_metabric,MB-0198,MB-0198,-0.6088
brca_metabric,MB-0199,MB-0199,-0.2222
brca_metabric,MB-0200,MB-0200,-1.5853
brca_metabric,MB-0201,MB-0201,-0.7855
brca_metabric,MB-0202,MB-0202,-0.4857
brca_metabric,MB-0203,MB-0203,-0.4557
brca_metabric,MB-0204,MB-0204,-0.6736
brca_metabric,MB-0205,MB-0205,-0.1559
brca_metabric,MB-0206,MB-0206,-0.6852
brca_metabric,MB-0207,MB-0207,-1.024
brca_metabric,MB-0209,MB-0209,-1.8288
brca_metabric,MB-0210,MB-0210,-0.9375
brca_metabric,MB-0211,MB-0211,-0.7983
brca_metabric,MB-0214,MB-0214,-0.7193
brca_metabric,MB-0215,MB-0215,-0.056
brca_metabric,MB-0218,MB-0218,0.0027
brca_metabric,MB-0220,MB-0220,-0.1863
brca_metabric,MB-0221,MB-0221,1.1944
brca_metabric,MB-0222,MB-0222,-0.4673
brca_metabric,MB-0223,MB-0223,0.1951
brca_metabric,MB-0224,MB-0224,-0.7488
brca_metabric,MB-0225,MB-0225,0.103
brca_metabric,MB-0226,MB-0226,-1.3889
brca_metabric,MB-0227,MB-0227,-1.6095
brca_metabric,MB-0228,MB-0228,-1.5139
brca_metabric,MB-0229,MB-0229,-0.3667
brca_metabric,MB-0230,MB-0230,-0.4364
brca_metabric,MB-0231,MB-0231,0.3333
brca_metabric,MB-0232,MB-0232,-0.726
brca_metabric,MB-0233,MB-0233,0.2804
brca_metabric,MB-0234,MB-0234,-1.305
brca_metabric,MB-0235,MB-0235,-1.2966
brca_metabric,MB-0236,MB-0236,-1.0533
brca_metabric,MB-0238,MB-0238,0.1366
brca_metabric,MB-0239,MB-0239,-0.0112
brca_metabric,MB-0241,MB-0241,-0.45
brca_metabric,MB-0242,MB-0242,-0.8607
brca_metabric,MB-0243,MB-0243,-0.9536
brca_metabric,MB-0244,MB-0244,0.445
brca_metabric,MB-0245,MB-0245,0.7196
brca_metabric,MB-0247,MB-0247,-0.7213
brca_metabric,MB-0248,MB-0248,0.0171
brca_metabric,MB-0249,MB-0249,-0.8658
brca_metabric,MB-0253,MB-0253,0.0585
brca_metabric,MB-0256,MB-0256,-0.6118
brca_metabric,MB-0257,MB-0257,0.4569
brca_metabric,MB-0258,MB-0258,-0.1261
brca_metabric,MB-0259,MB-0259,-1.3865
brca_metabric,MB-0260,MB-0260,-1.0194
brca_metabric,MB-0261,MB-0261,0.0478
brca_metabric,MB-0262,MB-0262,-0.6391
brca_metabric,MB-0263,MB-0263,-1.8303
brca_metabric,MB-0264,MB-0264,-0.5976
brca_metabric,MB-0265,MB-0265,-0.3547
brca_metabric,MB-0266,MB-0266,-0.6653
brca_metabric,MB-0268,MB-0268,-1.1246
brca_metabric,MB-0269,MB-0269,-1.1278
brca_metabric,MB-0270,MB-0270,-0.8084
brca_metabric,MB-0272,MB-0272,-0.6576
brca_metabric,MB-0273,MB-0273,-1.0824
brca_metabric,MB-0275,MB-0275,-0.6307
brca_metabric,MB-0278,MB-0278,-1.0239
brca_metabric,MB-0279,MB-0279,-0.716
brca_metabric,MB-0280,MB-0280,2.1366
brca_metabric,MB-0281,MB-0281,-1.8763
brca_metabric,MB-0282,MB-0282,-0.8439
brca_metabric,MB-0283,MB-0283,-0.9356
brca_metabric,MB-0284,MB-0284,-1.3099
brca_metabric,MB-0285,MB-0285,-0.9624
brca_metabric,MB-0286,MB-0286,-1.7829
brca_metabric,MB-0287,MB-0287,-0.593
brca_metabric,MB-0288,MB-0288,-1.5291
brca_metabric,MB-0289,MB-0289,-1.8893
brca_metabric,MB-0290,MB-0290,-0.8889
brca_metabric,MB-0291,MB-0291,-0.6883
brca_metabric,MB-0292,MB-0292,-0.9029
brca_metabric,MB-0293,MB-0293,-0.751
brca_metabric,MB-0294,MB-0294,-0.6985
brca_metabric,MB-0295,MB-0295,-0.9075
brca_metabric,MB-0299,MB-0299,-2.1429
brca_metabric,MB-0301,MB-0301,-0.9831
brca_metabric,MB-0302,MB-0302,-1.3458
brca_metabric,MB-0303,MB-0303,-0.6804
brca_metabric,MB-0304,MB-0304,0.0269
brca_metabric,MB-0305,MB-0305,-1.6425
brca_metabric,MB-0306,MB-0306,-0.3453
brca_metabric,MB-0307,MB-0307,-0.1373
brca_metabric,MB-0308,MB-0308,0.2181
brca_metabric,MB-0309,MB-0309,-0.5169
brca_metabric,MB-0310,MB-0310,-1.2635
brca_metabric,MB-0311,MB-0311,-0.3003
brca_metabric,MB-0312,MB-0312,-0.816
brca_metabric,MB-0313,MB-0313,0.3104
brca_metabric,MB-0314,MB-0314,-1.7606
brca_metabric,MB-0315,MB-0315,-1.4917
brca_metabric,MB-0316,MB-0316,-0.3288
brca_metabric,MB-0317,MB-0317,1.2408
brca_metabric,MB-0318,MB-0318,0.0182
brca_metabric,MB-0319,MB-0319,1.0042
brca_metabric,MB-0320,MB-0320,-0.2699
brca_metabric,MB-0321,MB-0321,0.1107
brca_metabric,MB-0322,MB-0322,-0.62
brca_metabric,MB-0324,MB-0324,-0.8224
brca_metabric,MB-0325,MB-0325,0.7894
brca_metabric,MB-0326,MB-0326,NA
brca_metabric,MB-0327,MB-0327,-0.3179
brca_metabric,MB-0328,MB-0328,-0.8838
brca_metabric,MB-0329,MB-0329,NA
brca_metabric,MB-0333,MB-0333,-0.494
brca_metabric,MB-0336,MB-0336,0.1755
brca_metabric,MB-0339,MB-0339,-0.4341
brca_metabric,MB-0340,MB-0340,-0.904
brca_metabric,MB-0341,MB-0341,-0.664
brca_metabric,MB-0342,MB-0342,-0.9814
brca_metabric,MB-0343,MB-0343,-0.9996
brca_metabric,MB-0344,MB-0344,-0.9521
brca_metabric,MB-0345,MB-0345,0.7799
brca_metabric,MB-0346,MB-0346,2.2736
brca_metabric,MB-0347,MB-0347,0.4622
brca_metabric,MB-0348,MB-0348,0.7556
brca_metabric,MB-0349,MB-0349,0.4942
brca_metabric,MB-0350,MB-0350,0.0973
brca_metabric,MB-0351,MB-0351,-0.1856
brca_metabric,MB-0352,MB-0352,-0.0696
brca_metabric,MB-0353,MB-0353,-0.8626
brca_metabric,MB-0354,MB-0354,0.4228
brca_metabric,MB-0356,MB-0356,-0.9155
brca_metabric,MB-0358,MB-0358,0.1228
brca_metabric,MB-0359,MB-0359,-0.0274
brca_metabric,MB-0360,MB-0360,-0.0725
brca_metabric,MB-0361,MB-0361,-1.2236
brca_metabric,MB-0362,MB-0362,0.0967
brca_metabric,MB-0363,MB-0363,0.0181
brca_metabric,MB-0364,MB-0364,-0.5513
brca_metabric,MB-0365,MB-0365,-0.5374
brca_metabric,MB-0366,MB-0366,-0.0136
brca_metabric,MB-0367,MB-0367,0.1684
brca_metabric,MB-0368,MB-0368,0.0061
brca_metabric,MB-0369,MB-0369,0.4643
brca_metabric,MB-0370,MB-0370,0.5213
brca_metabric,MB-0371,MB-0371,-1.4683
brca_metabric,MB-0372,MB-0372,-0.8962
brca_metabric,MB-0373,MB-0373,-0.6521
brca_metabric,MB-0374,MB-0374,-0.9108
brca_metabric,MB-0375,MB-0375,0.4648
brca_metabric,MB-0377,MB-0377,-0.0755
brca_metabric,MB-0378,MB-0378,0.4523
brca_metabric,MB-0379,MB-0379,0.4051
brca_metabric,MB-0380,MB-0380,0.7375
brca_metabric,MB-0381,MB-0381,-1.8024
brca_metabric,MB-0382,MB-0382,-0.0499
brca_metabric,MB-0383,MB-0383,-0.2706
brca_metabric,MB-0384,MB-0384,0.0776
brca_metabric,MB-0385,MB-0385,0.1369
brca_metabric,MB-0386,MB-0386,-0.167
brca_metabric,MB-0388,MB-0388,0.6008
brca_metabric,MB-0389,MB-0389,1.0296
brca_metabric,MB-0390,MB-0390,-1.5019
brca_metabric,MB-0391,MB-0391,0.582
brca_metabric,MB-0392,MB-0392,-0.9521
brca_metabric,MB-0393,MB-0393,-0.646
brca_metabric,MB-0394,MB-0394,-0.0373
brca_metabric,MB-0395,MB-0395,-0.9339
brca_metabric,MB-0396,MB-0396,-1.1751
brca_metabric,MB-0397,MB-0397,0.7195
brca_metabric,MB-0398,MB-0398,-1.0884
brca_metabric,MB-0399,MB-0399,-0.8551
brca_metabric,MB-0400,MB-0400,-0.2831
brca_metabric,MB-0401,MB-0401,-1.1735
brca_metabric,MB-0402,MB-0402,-0.2281
brca_metabric,MB-0403,MB-0403,0.0002
brca_metabric,MB-0404,MB-0404,0.2952
brca_metabric,MB-0405,MB-0405,2.3764
brca_metabric,MB-0406,MB-0406,-0.6045
brca_metabric,MB-0408,MB-0408,-0.5681
brca_metabric,MB-0410,MB-0410,0.3712
brca_metabric,MB-0411,MB-0411,-0.9066
brca_metabric,MB-0412,MB-0412,-0.597
brca_metabric,MB-0413,MB-0413,0.4469
brca_metabric,MB-0414,MB-0414,-0.0357
brca_metabric,MB-0417,MB-0417,1.0974
brca_metabric,MB-0418,MB-0418,-0.8864
brca_metabric,MB-0419,MB-0419,0.5163
brca_metabric,MB-0420,MB-0420,0.8751
brca_metabric,MB-0421,MB-0421,-1.1927
brca_metabric,MB-0422,MB-0422,1.1816
brca_metabric,MB-0423,MB-0423,-0.5907
brca_metabric,MB-0424,MB-0424,-1.3438
brca_metabric,MB-0425,MB-0425,-0.2612
brca_metabric,MB-0426,MB-0426,-0.694
brca_metabric,MB-0427,MB-0427,-0.5883
brca_metabric,MB-0428,MB-0428,-0.483
brca_metabric,MB-0429,MB-0429,0.6541
brca_metabric,MB-0431,MB-0431,0.2411
brca_metabric,MB-0432,MB-0432,0.2553
brca_metabric,MB-0434,MB-0434,-0.9581
brca_metabric,MB-0435,MB-0435,-0.4828
brca_metabric,MB-0436,MB-0436,-0.6967
brca_metabric,MB-0437,MB-0437,0.1441
brca_metabric,MB-0438,MB-0438,-0.8762
brca_metabric,MB-0439,MB-0439,0.2755
brca_metabric,MB-0440,MB-0440,-0.8985
brca_metabric,MB-0442,MB-0442,0.3417
brca_metabric,MB-0443,MB-0443,-0.5557
brca_metabric,MB-0444,MB-0444,0.8971
brca_metabric,MB-0445,MB-0445,-0.1802
brca_metabric,MB-0446,MB-0446,-1.1626
brca_metabric,MB-0448,MB-0448,-0.8956
brca_metabric,MB-0449,MB-0449,-1.1737
brca_metabric,MB-0451,MB-0451,0.6648
brca_metabric,MB-0452,MB-0452,-1.4833
brca_metabric,MB-0453,MB-0453,-0.6881
brca_metabric,MB-0454,MB-0454,0.4476
brca_metabric,MB-0455,MB-0455,0.7108
brca_metabric,MB-0458,MB-0458,-0.666
brca_metabric,MB-0459,MB-0459,-1.1966
brca_metabric,MB-0460,MB-0460,0.1111
brca_metabric,MB-0462,MB-0462,-0.0007
brca_metabric,MB-0463,MB-0463,-0.5858
brca_metabric,MB-0464,MB-0464,-1.8265
brca_metabric,MB-0465,MB-0465,-0.5232
brca_metabric,MB-0466,MB-0466,-0.5142
brca_metabric,MB-0467,MB-0467,0.102
brca_metabric,MB-0468,MB-0468,0.7598
brca_metabric,MB-0469,MB-0469,-0.2569
brca_metabric,MB-0470,MB-0470,-0.4851
brca_metabric,MB-0471,MB-0471,1.1731
brca_metabric,MB-0472,MB-0472,1.7559
brca_metabric,MB-0474,MB-0474,-1.8138
brca_metabric,MB-0475,MB-0475,-0.5392
brca_metabric,MB-0476,MB-0476,0.6334
brca_metabric,MB-0478,MB-0478,-0.7765
brca_metabric,MB-0479,MB-0479,-1.393
brca_metabric,MB-0480,MB-0480,0.242
brca_metabric,MB-0481,MB-0481,-1.6634
brca_metabric,MB-0482,MB-0482,-0.5187
brca_metabric,MB-0483,MB-0483,0.042
brca_metabric,MB-0484,MB-0484,-0.8693
brca_metabric,MB-0485,MB-0485,-0.5419
brca_metabric,MB-0486,MB-0486,-0.0227
brca_metabric,MB-0487,MB-0487,-0.0909
brca_metabric,MB-0488,MB-0488,-0.8507
brca_metabric,MB-0489,MB-0489,0.966
brca_metabric,MB-0490,MB-0490,0.9136
brca_metabric,MB-0491,MB-0491,-0.8146
brca_metabric,MB-0492,MB-0492,-0.3896
brca_metabric,MB-0494,MB-0494,-0.7556
brca_metabric,MB-0495,MB-0495,-2.0355
brca_metabric,MB-0496,MB-0496,-1.1221
brca_metabric,MB-0497,MB-0497,0.5156
brca_metabric,MB-0499,MB-0499,-0.6927
brca_metabric,MB-0500,MB-0500,-1.6394
brca_metabric,MB-0501,MB-0501,-0.5795
brca_metabric,MB-0502,MB-0502,-0.8519
brca_metabric,MB-0503,MB-0503,1.2605
brca_metabric,MB-0504,MB-0504,0.348
brca_metabric,MB-0505,MB-0505,-0.5862
brca_metabric,MB-0506,MB-0506,-0.0126
brca_metabric,MB-0507,MB-0507,-1.2518
brca_metabric,MB-0508,MB-0508,-0.8582
brca_metabric,MB-0509,MB-0509,0.533
brca_metabric,MB-0510,MB-0510,-1.3108
brca_metabric,MB-0511,MB-0511,-0.5071
brca_metabric,MB-0512,MB-0512,-0.8968
brca_metabric,MB-0513,MB-0513,0.325
brca_metabric,MB-0514,MB-0514,-0.8485
brca_metabric,MB-0516,MB-0516,-1.3807
brca_metabric,MB-0517,MB-0517,0.1678
brca_metabric,MB-0519,MB-0519,0.3405
brca_metabric,MB-0521,MB-0521,-1.2132
brca_metabric,MB-0522,MB-0522,-1.1396
brca_metabric,MB-0524,MB-0524,-1.4259
brca_metabric,MB-0525,MB-0525,-1.2088
brca_metabric,MB-0526,MB-0526,0.4991
brca_metabric,MB-0527,MB-0527,0.3993
brca_metabric,MB-0528,MB-0528,-0.1629
brca_metabric,MB-0529,MB-0529,-1.1741
brca_metabric,MB-0531,MB-0531,0.828
brca_metabric,MB-0532,MB-0532,-0.4762
brca_metabric,MB-0534,MB-0534,-1.2365
brca_metabric,MB-0535,MB-0535,0.6743
brca_metabric,MB-0536,MB-0536,1.2198
brca_metabric,MB-0537,MB-0537,-0.6585
brca_metabric,MB-0538,MB-0538,0.4886
brca_metabric,MB-0539,MB-0539,-1.6234
brca_metabric,MB-0540,MB-0540,3.1406
brca_metabric,MB-0541,MB-0541,-0.242
brca_metabric,MB-0542,MB-0542,-0.8935
brca_metabric,MB-0543,MB-0543,-0.9358
brca_metabric,MB-0544,MB-0544,-1.2049
brca_metabric,MB-0545,MB-0545,-1.3584
brca_metabric,MB-0546,MB-0546,0.1916
brca_metabric,MB-0547,MB-0547,NA
brca_metabric,MB-0549,MB-0549,-0.9534
brca_metabric,MB-0550,MB-0550,-0.9427
brca_metabric,MB-0551,MB-0551,-0.4017
brca_metabric,MB-0552,MB-0552,-1.4498
brca_metabric,MB-0553,MB-0553,-2.4561
brca_metabric,MB-0554,MB-0554,-0.5948
brca_metabric,MB-0558,MB-0558,-0.6405
brca_metabric,MB-0559,MB-0559,-0.5018
brca_metabric,MB-0564,MB-0564,-1.3891
brca_metabric,MB-0568,MB-0568,-0.6704
brca_metabric,MB-0569,MB-0569,-0.2771
brca_metabric,MB-0570,MB-0570,-0.4175
brca_metabric,MB-0571,MB-0571,-1.1494
brca_metabric,MB-0573,MB-0573,-0.4367
brca_metabric,MB-0574,MB-0574,1.5661
brca_metabric,MB-0575,MB-0575,-0.8154
brca_metabric,MB-0576,MB-0576,-0.1717
brca_metabric,MB-0577,MB-0577,-0.3624
brca_metabric,MB-0578,MB-0578,-0.5534
brca_metabric,MB-0579,MB-0579,-0.0388
brca_metabric,MB-0580,MB-0580,-0.2261
brca_metabric,MB-0581,MB-0581,-1.2093
brca_metabric,MB-0582,MB-0582,-0.5763
brca_metabric,MB-0583,MB-0583,0.0998
brca_metabric,MB-0584,MB-0584,-0.7098
brca_metabric,MB-0585,MB-0585,-0.7163
brca_metabric,MB-0586,MB-0586,-0.4844
brca_metabric,MB-0587,MB-0587,-0.6681
brca_metabric,MB-0588,MB-0588,-1.1922
brca_metabric,MB-0589,MB-0589,-1.2972
brca_metabric,MB-0590,MB-0590,0.0835
brca_metabric,MB-0591,MB-0591,-0.4407
brca_metabric,MB-0592,MB-0592,0.137
brca_metabric,MB-0593,MB-0593,-1.3892
brca_metabric,MB-0594,MB-0594,1.0415
brca_metabric,MB-0596,MB-0596,-1.0542
brca_metabric,MB-0597,MB-0597,-0.8747
brca_metabric,MB-0598,MB-0598,-0.5716
brca_metabric,MB-0599,MB-0599,-1.0955
brca_metabric,MB-0600,MB-0600,-0.4161
brca_metabric,MB-0601,MB-0601,0.765
brca_metabric,MB-0603,MB-0603,-0.8467
brca_metabric,MB-0605,MB-0605,-0.5113
brca_metabric,MB-0606,MB-0606,-0.5369
brca_metabric,MB-0607,MB-0607,-0.7438
brca_metabric,MB-0608,MB-0608,1.0239
brca_metabric,MB-0609,MB-0609,-0.4801
brca_metabric,MB-0610,MB-0610,0.3648
brca_metabric,MB-0611,MB-0611,-0.6335
brca_metabric,MB-0613,MB-0613,-0.5549
brca_metabric,MB-0614,MB-0614,-0.2925
brca_metabric,MB-0615,MB-0615,-1.5901
brca_metabric,MB-0616,MB-0616,-0.7833
brca_metabric,MB-0617,MB-0617,-0.2713
brca_metabric,MB-0618,MB-0618,-0.3126
brca_metabric,MB-0619,MB-0619,-0.7417
brca_metabric,MB-0620,MB-0620,0.1503
brca_metabric,MB-0621,MB-0621,-0.9016
brca_metabric,MB-0623,MB-0623,-0.2896
brca_metabric,MB-0624,MB-0624,-0.1914
brca_metabric,MB-0626,MB-0626,-0.7549
brca_metabric,MB-0627,MB-0627,0.1133
brca_metabric,MB-0628,MB-0628,-0.2423
brca_metabric,MB-0630,MB-0630,-0.974
brca_metabric,MB-0631,MB-0631,-0.337
brca_metabric,MB-0632,MB-0632,-1.5723
brca_metabric,MB-0634,MB-0634,0.9147
brca_metabric,MB-0635,MB-0635,-0.7315
brca_metabric,MB-0636,MB-0636,-0.0818
brca_metabric,MB-0637,MB-0637,-0.5706
brca_metabric,MB-0638,MB-0638,-0.8968
brca_metabric,MB-0639,MB-0639,-2.0164
brca_metabric,MB-0640,MB-0640,0.0849
brca_metabric,MB-0641,MB-0641,0.6343
brca_metabric,MB-0642,MB-0642,0.6505
brca_metabric,MB-0643,MB-0643,-0.8053
brca_metabric,MB-0644,MB-0644,-0.7696
brca_metabric,MB-0646,MB-0646,0.1863
brca_metabric,MB-0649,MB-0649,-0.9348
brca_metabric,MB-0650,MB-0650,-0.5943
brca_metabric,MB-0652,MB-0652,-0.6694
brca_metabric,MB-0653,MB-0653,0.2896
brca_metabric,MB-0654,MB-0654,-0.1687
brca_metabric,MB-0655,MB-0655,-1.3817
brca_metabric,MB-0656,MB-0656,-0.7868
brca_metabric,MB-0657,MB-0657,0.0094
brca_metabric,MB-0658,MB-0658,-0.746
brca_metabric,MB-0659,MB-0659,0.5352
brca_metabric,MB-0660,MB-0660,-0.0729
brca_metabric,MB-0661,MB-0661,1.325
brca_metabric,MB-0662,MB-0662,0.5571
brca_metabric,MB-0663,MB-0663,-1.4456
brca_metabric,MB-0664,MB-0664,-0.9009
brca_metabric,MB-0666,MB-0666,-0.2181
brca_metabric,MB-0667,MB-0667,0.4057
brca_metabric,MB-0869,MB-0869,-0.2975
brca_metabric,MB-0872,MB-0872,-1.2441
brca_metabric,MB-0874,MB-0874,-1.2887
brca_metabric,MB-0876,MB-0876,-1.0624
brca_metabric,MB-0877,MB-0877,-0.5948
brca_metabric,MB-0880,MB-0880,0.0274
brca_metabric,MB-0882,MB-0882,-0.5221
brca_metabric,MB-0884,MB-0884,-0.2737
brca_metabric,MB-0885,MB-0885,0.2037
brca_metabric,MB-0891,MB-0891,-0.8585
brca_metabric,MB-0893,MB-0893,-0.3095
brca_metabric,MB-0895,MB-0895,-1.0966
brca_metabric,MB-0897,MB-0897,-1.238
brca_metabric,MB-0899,MB-0899,-1.3808
brca_metabric,MB-0901,MB-0901,0.4624
brca_metabric,MB-0904,MB-0904,-1.2413
brca_metabric,MB-0906,MB-0906,1.5962
brca_metabric,MB-0907,MB-0907,-1.1101
brca_metabric,MB-2513,MB-2513,-1.314
brca_metabric,MB-2517,MB-2517,-0.5206
brca_metabric,MB-2536,MB-2536,-1.3022
brca_metabric,MB-2556,MB-2556,-0.8864
brca_metabric,MB-2564,MB-2564,0.0573
brca_metabric,MB-2610,MB-2610,-1.2068
brca_metabric,MB-2613,MB-2613,-1.8867
brca_metabric,MB-2614,MB-2614,-0.7911
brca_metabric,MB-2616,MB-2616,-1.4173
brca_metabric,MB-2617,MB-2617,-1.2881
brca_metabric,MB-2618,MB-2618,-1.0316
brca_metabric,MB-2624,MB-2624,-0.4341
brca_metabric,MB-2626,MB-2626,-1.5907
brca_metabric,MB-2629,MB-2629,-1.1917
brca_metabric,MB-2632,MB-2632,-1.8928
brca_metabric,MB-2634,MB-2634,-1.2948
brca_metabric,MB-2642,MB-2642,-1.8341
brca_metabric,MB-2643,MB-2643,-1.1785
brca_metabric,MB-2645,MB-2645,-1.5473
brca_metabric,MB-2669,MB-2669,-0.5891
brca_metabric,MB-2686,MB-2686,-0.7284
brca_metabric,MB-2705,MB-2705,-0.0969
brca_metabric,MB-2708,MB-2708,-1.2802
brca_metabric,MB-2711,MB-2711,-1.223
brca_metabric,MB-2712,MB-2712,-0.8736
brca_metabric,MB-2718,MB-2718,-0.6681
brca_metabric,MB-2721,MB-2721,-0.1568
brca_metabric,MB-2724,MB-2724,0.1468
brca_metabric,MB-2725,MB-2725,-0.3882
brca_metabric,MB-2728,MB-2728,-0.7712
brca_metabric,MB-2730,MB-2730,-1.4877
brca_metabric,MB-2735,MB-2735,0.1949
brca_metabric,MB-2742,MB-2742,-1.762
brca_metabric,MB-2744,MB-2744,-1.5631
brca_metabric,MB-2745,MB-2745,-1.0915
brca_metabric,MB-2747,MB-2747,-0.8864
brca_metabric,MB-2749,MB-2749,-1.3717
brca_metabric,MB-2750,MB-2750,-1.2475
brca_metabric,MB-2752,MB-2752,-0.446
brca_metabric,MB-2753,MB-2753,-1.8939
brca_metabric,MB-2754,MB-2754,-1.1099
brca_metabric,MB-2758,MB-2758,-1.1005
brca_metabric,MB-2760,MB-2760,-0.528
brca_metabric,MB-2763,MB-2763,-0.9341
brca_metabric,MB-2764,MB-2764,-0.5869
brca_metabric,MB-2765,MB-2765,-0.1356
brca_metabric,MB-2767,MB-2767,-1.495
brca_metabric,MB-2769,MB-2769,-0.4359
brca_metabric,MB-2770,MB-2770,-0.0851
brca_metabric,MB-2771,MB-2771,1.0823
brca_metabric,MB-2772,MB-2772,-1.7666
brca_metabric,MB-2774,MB-2774,-1.4434
brca_metabric,MB-2778,MB-2778,-0.2457
brca_metabric,MB-2779,MB-2779,-0.1648
brca_metabric,MB-2781,MB-2781,-0.7523
brca_metabric,MB-2786,MB-2786,-1.8121
brca_metabric,MB-2790,MB-2790,-1.3374
brca_metabric,MB-2791,MB-2791,-0.6361
brca_metabric,MB-2792,MB-2792,-0.296
brca_metabric,MB-2793,MB-2793,-0.6052
brca_metabric,MB-2795,MB-2795,-1.3472
brca_metabric,MB-2796,MB-2796,-1.0708
brca_metabric,MB-2797,MB-2797,-0.6726
brca_metabric,MB-2801,MB-2801,-1.4169
brca_metabric,MB-2803,MB-2803,-0.6571
brca_metabric,MB-2814,MB-2814,-0.3703
brca_metabric,MB-2815,MB-2815,-1.2294
brca_metabric,MB-2819,MB-2819,-1.2336
brca_metabric,MB-2820,MB-2820,0.9692
brca_metabric,MB-2821,MB-2821,-0.2103
brca_metabric,MB-2823,MB-2823,-0.5577
brca_metabric,MB-2827,MB-2827,-0.7006
brca_metabric,MB-2833,MB-2833,-1.0904
brca_metabric,MB-2834,MB-2834,-0.285
brca_metabric,MB-2835,MB-2835,-0.2308
brca_metabric,MB-2838,MB-2838,1.0731
brca_metabric,MB-2840,MB-2840,-0.9434
brca_metabric,MB-2842,MB-2842,-0.7149
brca_metabric,MB-2843,MB-2843,-0.8089
brca_metabric,MB-2844,MB-2844,-2.0263
brca_metabric,MB-2845,MB-2845,-1.4212
brca_metabric,MB-2846,MB-2846,-1.7966
brca_metabric,MB-2847,MB-2847,-0.2917
brca_metabric,MB-2848,MB-2848,-0.1504
brca_metabric,MB-2849,MB-2849,-1.6496
brca_metabric,MB-2850,MB-2850,-0.3843
brca_metabric,MB-2851,MB-2851,-1.0864
brca_metabric,MB-2853,MB-2853,1.3514
brca_metabric,MB-2854,MB-2854,0.1947
brca_metabric,MB-2857,MB-2857,-1.5033
brca_metabric,MB-2858,MB-2858,-0.6724
brca_metabric,MB-2863,MB-2863,-0.8635
brca_metabric,MB-2867,MB-2867,-0.7839
brca_metabric,MB-2895,MB-2895,-1.7632
brca_metabric,MB-2896,MB-2896,-1.047
brca_metabric,MB-2900,MB-2900,-0.2738
brca_metabric,MB-2901,MB-2901,0.5643
brca_metabric,MB-2904,MB-2904,1.0592
brca_metabric,MB-2912,MB-2912,-1.1601
brca_metabric,MB-2916,MB-2916,-1.0865
brca_metabric,MB-2917,MB-2917,-1.0724
brca_metabric,MB-2919,MB-2919,-0.7595
brca_metabric,MB-2922,MB-2922,-0.8821
brca_metabric,MB-2923,MB-2923,-0.7279
brca_metabric,MB-2927,MB-2927,-0.6974
brca_metabric,MB-2929,MB-2929,-1.4909
brca_metabric,MB-2931,MB-2931,-0.9505
brca_metabric,MB-2932,MB-2932,-0.3086
brca_metabric,MB-2933,MB-2933,-1.2998
brca_metabric,MB-2939,MB-2939,-1.5346
brca_metabric,MB-2944,MB-2944,-0.8871
brca_metabric,MB-2947,MB-2947,-0.2256
brca_metabric,MB-2951,MB-2951,-0.8237
brca_metabric,MB-2952,MB-2952,-0.972
brca_metabric,MB-2953,MB-2953,-0.7578
brca_metabric,MB-2954,MB-2954,-1.3177
brca_metabric,MB-2957,MB-2957,-0.9569
brca_metabric,MB-2960,MB-2960,-1.1952
brca_metabric,MB-2963,MB-2963,-2.0035
brca_metabric,MB-2964,MB-2964,-0.5388
brca_metabric,MB-2966,MB-2966,-1.447
brca_metabric,MB-2969,MB-2969,-1.3409
brca_metabric,MB-2970,MB-2970,-0.8133
brca_metabric,MB-2971,MB-2971,-1.7402
brca_metabric,MB-2977,MB-2977,-1.264
brca_metabric,MB-2983,MB-2983,-0.568
brca_metabric,MB-2984,MB-2984,-1.0199
brca_metabric,MB-2990,MB-2990,-0.5322
brca_metabric,MB-2993,MB-2993,-1.1137
brca_metabric,MB-2994,MB-2994,-1.218
brca_metabric,MB-2996,MB-2996,0.3043
brca_metabric,MB-2999,MB-2999,1.3338
brca_metabric,MB-3001,MB-3001,-1.3731
brca_metabric,MB-3002,MB-3002,-1.3188
brca_metabric,MB-3005,MB-3005,-1.214
brca_metabric,MB-3006,MB-3006,-1.5331
brca_metabric,MB-3007,MB-3007,-0.4569
brca_metabric,MB-3008,MB-3008,-1.0405
brca_metabric,MB-3013,MB-3013,-1.8521
brca_metabric,MB-3014,MB-3014,-1.702
brca_metabric,MB-3016,MB-3016,-0.9928
brca_metabric,MB-3021,MB-3021,-1.5216
brca_metabric,MB-3025,MB-3025,-0.7866
brca_metabric,MB-3026,MB-3026,-1.742
brca_metabric,MB-3028,MB-3028,-0.7119
brca_metabric,MB-3031,MB-3031,-0.506
brca_metabric,MB-3032,MB-3032,-1.6654
brca_metabric,MB-3033,MB-3033,-1.8212
brca_metabric,MB-3035,MB-3035,0.4137
brca_metabric,MB-3037,MB-3037,-0.5594
brca_metabric,MB-3046,MB-3046,-1.1239
brca_metabric,MB-3049,MB-3049,-2.0663
brca_metabric,MB-3050,MB-3050,-0.5605
brca_metabric,MB-3057,MB-3057,-0.9378
brca_metabric,MB-3058,MB-3058,-2.1267
brca_metabric,MB-3060,MB-3060,-0.7045
brca_metabric,MB-3062,MB-3062,-1.0126
brca_metabric,MB-3063,MB-3063,1.3531
brca_metabric,MB-3064,MB-3064,0.1258
brca_metabric,MB-3067,MB-3067,-0.3775
brca_metabric,MB-3079,MB-3079,-1.0266
brca_metabric,MB-3083,MB-3083,-0.6029
brca_metabric,MB-3085,MB-3085,-1.5231
brca_metabric,MB-3088,MB-3088,0.5653
brca_metabric,MB-3092,MB-3092,-0.1626
brca_metabric,MB-3102,MB-3102,-1.4784
brca_metabric,MB-3103,MB-3103,-0.6192
brca_metabric,MB-3104,MB-3104,-0.9295
brca_metabric,MB-3105,MB-3105,-0.3431
brca_metabric,MB-3110,MB-3110,0.2767
brca_metabric,MB-3121,MB-3121,-0.3972
brca_metabric,MB-3122,MB-3122,-1.339
brca_metabric,MB-3123,MB-3123,-1.2087
brca_metabric,MB-3153,MB-3153,-0.6153
brca_metabric,MB-3165,MB-3165,0.3591
brca_metabric,MB-3167,MB-3167,-0.3317
brca_metabric,MB-3171,MB-3171,-0.76
brca_metabric,MB-3181,MB-3181,1.201
brca_metabric,MB-3211,MB-3211,-0.7047
brca_metabric,MB-3218,MB-3218,-0.4364
brca_metabric,MB-3222,MB-3222,-0.4456
brca_metabric,MB-3228,MB-3228,-0.0284
brca_metabric,MB-3235,MB-3235,-1.0588
brca_metabric,MB-3252,MB-3252,-0.7299
brca_metabric,MB-3253,MB-3253,-0.3339
brca_metabric,MB-3254,MB-3254,-1.0898
brca_metabric,MB-3266,MB-3266,-0.8105
brca_metabric,MB-3271,MB-3271,-1.842
brca_metabric,MB-3272,MB-3272,-1.1511
brca_metabric,MB-3275,MB-3275,-0.346
brca_metabric,MB-3277,MB-3277,-1.3479
brca_metabric,MB-3292,MB-3292,-0.4454
brca_metabric,MB-3295,MB-3295,-0.344
brca_metabric,MB-3297,MB-3297,-1.8427
brca_metabric,MB-3298,MB-3298,-1.0279
brca_metabric,MB-3300,MB-3300,-1.2115
brca_metabric,MB-3301,MB-3301,-1.8341
brca_metabric,MB-3303,MB-3303,-1.2299
brca_metabric,MB-3328,MB-3328,-1.2553
brca_metabric,MB-3329,MB-3329,-1.3042
brca_metabric,MB-3341,MB-3341,-1.6829
brca_metabric,MB-3344,MB-3344,-1.4789
brca_metabric,MB-3350,MB-3350,-0.3014
brca_metabric,MB-3351,MB-3351,-0.8543
brca_metabric,MB-3355,MB-3355,-1.5744
brca_metabric,MB-3357,MB-3357,-0.9474
brca_metabric,MB-3360,MB-3360,-0.7597
brca_metabric,MB-3361,MB-3361,-1.4401
brca_metabric,MB-3363,MB-3363,0.5302
brca_metabric,MB-3365,MB-3365,-2.6279
brca_metabric,MB-3367,MB-3367,-1.1186
brca_metabric,MB-3371,MB-3371,-1.0248
brca_metabric,MB-3378,MB-3378,-1.0828
brca_metabric,MB-3379,MB-3379,-1.3434
brca_metabric,MB-3381,MB-3381,-0.6619
brca_metabric,MB-3382,MB-3382,-1.4662
brca_metabric,MB-3383,MB-3383,-1.4191
brca_metabric,MB-3386,MB-3386,-0.7789
brca_metabric,MB-3388,MB-3388,-1.384
brca_metabric,MB-3389,MB-3389,-0.9793
brca_metabric,MB-3395,MB-3395,-1.0464
brca_metabric,MB-3396,MB-3396,-0.132
brca_metabric,MB-3402,MB-3402,-1.0888
brca_metabric,MB-3403,MB-3403,-0.8158
brca_metabric,MB-3412,MB-3412,-1.5598
brca_metabric,MB-3417,MB-3417,-1.0819
brca_metabric,MB-3429,MB-3429,-1.1837
brca_metabric,MB-3430,MB-3430,-0.4065
brca_metabric,MB-3435,MB-3435,-0.9963
brca_metabric,MB-3436,MB-3436,-0.2529
brca_metabric,MB-3437,MB-3437,-1.6549
brca_metabric,MB-3439,MB-3439,-1.0336
brca_metabric,MB-3450,MB-3450,0.7325
brca_metabric,MB-3452,MB-3452,-1.4493
brca_metabric,MB-3453,MB-3453,-0.5555
brca_metabric,MB-3459,MB-3459,-0.3033
brca_metabric,MB-3462,MB-3462,-1.1178
brca_metabric,MB-3466,MB-3466,-0.4371
brca_metabric,MB-3467,MB-3467,-1.2862
brca_metabric,MB-3470,MB-3470,0.7877
brca_metabric,MB-3476,MB-3476,0.0145
brca_metabric,MB-3479,MB-3479,0.2331
brca_metabric,MB-3487,MB-3487,0.1723
brca_metabric,MB-3488,MB-3488,-0.2033
brca_metabric,MB-3490,MB-3490,0.4295
brca_metabric,MB-3492,MB-3492,0.4832
brca_metabric,MB-3497,MB-3497,-1.9136
brca_metabric,MB-3500,MB-3500,-1.83
brca_metabric,MB-3502,MB-3502,-0.1231
brca_metabric,MB-3506,MB-3506,0.3346
brca_metabric,MB-3510,MB-3510,-0.2537
brca_metabric,MB-3525,MB-3525,-0.5305
brca_metabric,MB-3526,MB-3526,-1.2962
brca_metabric,MB-3528,MB-3528,-1.3042
brca_metabric,MB-3530,MB-3530,0.7569
brca_metabric,MB-3536,MB-3536,-1.3545
brca_metabric,MB-3545,MB-3545,-1.1786
brca_metabric,MB-3547,MB-3547,-0.6216
brca_metabric,MB-3548,MB-3548,0.741
brca_metabric,MB-3556,MB-3556,-0.8681
brca_metabric,MB-3567,MB-3567,0.6018
brca_metabric,MB-3576,MB-3576,0.1229
brca_metabric,MB-3582,MB-3582,-0.2362
brca_metabric,MB-3600,MB-3600,-1.2025
brca_metabric,MB-3606,MB-3606,-1.0126
brca_metabric,MB-3614,MB-3614,-0.6349
brca_metabric,MB-3702,MB-3702,-0.5621
brca_metabric,MB-3706,MB-3706,-0.6941
brca_metabric,MB-3707,MB-3707,-1.1289
brca_metabric,MB-3711,MB-3711,-1.653
brca_metabric,MB-3748,MB-3748,-0.5352
brca_metabric,MB-3752,MB-3752,1.4286
brca_metabric,MB-3754,MB-3754,-1.1482
brca_metabric,MB-3781,MB-3781,-0.4759
brca_metabric,MB-3797,MB-3797,0.2859
brca_metabric,MB-3823,MB-3823,-1.19
brca_metabric,MB-3824,MB-3824,-0.3719
brca_metabric,MB-3838,MB-3838,-0.6207
brca_metabric,MB-3840,MB-3840,-0.4922
brca_metabric,MB-3842,MB-3842,-0.0195
brca_metabric,MB-3850,MB-3850,-0.4723
brca_metabric,MB-3852,MB-3852,0.1746
brca_metabric,MB-3854,MB-3854,0.2015
brca_metabric,MB-3865,MB-3865,-0.9163
brca_metabric,MB-3866,MB-3866,-1.1353
brca_metabric,MB-3871,MB-3871,-1.6228
brca_metabric,MB-3874,MB-3874,-0.1737
brca_metabric,MB-3978,MB-3978,-1.1168
brca_metabric,MB-4000,MB-4000,1.5672
brca_metabric,MB-4001,MB-4001,1.224
brca_metabric,MB-4003,MB-4003,-0.8307
brca_metabric,MB-4004,MB-4004,0.4488
brca_metabric,MB-4005,MB-4005,0.4614
brca_metabric,MB-4008,MB-4008,1.124
brca_metabric,MB-4010,MB-4010,-0.6285
brca_metabric,MB-4011,MB-4011,-0.5335
brca_metabric,MB-4012,MB-4012,1.6016
brca_metabric,MB-4015,MB-4015,-0.3843
brca_metabric,MB-4017,MB-4017,0.4204
brca_metabric,MB-4018,MB-4018,-0.6567
brca_metabric,MB-4024,MB-4024,-0.562
brca_metabric,MB-4033,MB-4033,0.3407
brca_metabric,MB-4046,MB-4046,1.7926
brca_metabric,MB-4059,MB-4059,0.4115
brca_metabric,MB-4079,MB-4079,0.923
brca_metabric,MB-4091,MB-4091,1.2809
brca_metabric,MB-4098,MB-4098,2.23
brca_metabric,MB-4119,MB-4119,1.8388
brca_metabric,MB-4120,MB-4120,1.5387
brca_metabric,MB-4126,MB-4126,2.4135
brca_metabric,MB-4127,MB-4127,1.1324
brca_metabric,MB-4139,MB-4139,1.9654
brca_metabric,MB-4140,MB-4140,1.6606
brca_metabric,MB-4141,MB-4141,1.1956
brca_metabric,MB-4145,MB-4145,0.9304
brca_metabric,MB-4146,MB-4146,0.5531
brca_metabric,MB-4148,MB-4148,-1.0573
brca_metabric,MB-4154,MB-4154,-0.0919
brca_metabric,MB-4171,MB-4171,1.3503
brca_metabric,MB-4173,MB-4173,0.325
brca_metabric,MB-4189,MB-4189,2.0889
brca_metabric,MB-4212,MB-4212,1.921
brca_metabric,MB-4213,MB-4213,0.9977
brca_metabric,MB-4222,MB-4222,1.1026
brca_metabric,MB-4224,MB-4224,3.053
brca_metabric,MB-4230,MB-4230,1.2938
brca_metabric,MB-4233,MB-4233,1.1554
brca_metabric,MB-4234,MB-4234,0.7226
brca_metabric,MB-4235,MB-4235,-0.2721
brca_metabric,MB-4236,MB-4236,0.5486
brca_metabric,MB-4250,MB-4250,0.0884
brca_metabric,MB-4254,MB-4254,0.2108
brca_metabric,MB-4264,MB-4264,0.1764
brca_metabric,MB-4266,MB-4266,-0.23
brca_metabric,MB-4270,MB-4270,0.3017
brca_metabric,MB-4274,MB-4274,1.3094
brca_metabric,MB-4276,MB-4276,0.4128
brca_metabric,MB-4278,MB-4278,1.0624
brca_metabric,MB-4281,MB-4281,-1.1215
brca_metabric,MB-4282,MB-4282,-1.428
brca_metabric,MB-4283,MB-4283,2.0646
brca_metabric,MB-4289,MB-4289,1.406
brca_metabric,MB-4292,MB-4292,0.4068
brca_metabric,MB-4293,MB-4293,0.8798
brca_metabric,MB-4298,MB-4298,-0.207
brca_metabric,MB-4300,MB-4300,-1.0387
brca_metabric,MB-4303,MB-4303,0.2417
brca_metabric,MB-4306,MB-4306,1.7301
brca_metabric,MB-4310,MB-4310,0.767
brca_metabric,MB-4313,MB-4313,-0.868
brca_metabric,MB-4317,MB-4317,0.4364
brca_metabric,MB-4318,MB-4318,-0.046
brca_metabric,MB-4322,MB-4322,1.9546
brca_metabric,MB-4323,MB-4323,0.2126
brca_metabric,MB-4324,MB-4324,-0.5396
brca_metabric,MB-4328,MB-4328,0.7287
brca_metabric,MB-4329,MB-4329,0.2629
brca_metabric,MB-4331,MB-4331,0.0752
brca_metabric,MB-4332,MB-4332,-0.781
brca_metabric,MB-4333,MB-4333,0.4488
brca_metabric,MB-4339,MB-4339,0.1863
brca_metabric,MB-4341,MB-4341,1.5959
brca_metabric,MB-4342,MB-4342,0.7046
brca_metabric,MB-4343,MB-4343,0.0243
brca_metabric,MB-4348,MB-4348,0.0734
brca_metabric,MB-4350,MB-4350,0.0234
brca_metabric,MB-4351,MB-4351,-0.0555
brca_metabric,MB-4353,MB-4353,1.1337
brca_metabric,MB-4354,MB-4354,0.4971
brca_metabric,MB-4357,MB-4357,0.9614
brca_metabric,MB-4360,MB-4360,0.5418
brca_metabric,MB-4362,MB-4362,1.4887
brca_metabric,MB-4368,MB-4368,1.7488
brca_metabric,MB-4374,MB-4374,2.5286
brca_metabric,MB-4375,MB-4375,-0.4806
brca_metabric,MB-4381,MB-4381,1.2021
brca_metabric,MB-4390,MB-4390,2.0221
brca_metabric,MB-4395,MB-4395,1.6766
brca_metabric,MB-4407,MB-4407,-0.6062
brca_metabric,MB-4408,MB-4408,-0.2255
brca_metabric,MB-4416,MB-4416,0.4257
brca_metabric,MB-4417,MB-4417,-1.4288
brca_metabric,MB-4418,MB-4418,2.2337
brca_metabric,MB-4421,MB-4421,0.2144
brca_metabric,MB-4426,MB-4426,0.6215
brca_metabric,MB-4434,MB-4434,-0.1035
brca_metabric,MB-4442,MB-4442,1.3239
brca_metabric,MB-4484,MB-4484,-0.0749
brca_metabric,MB-4529,MB-4529,0.9565
brca_metabric,MB-4548,MB-4548,1.1369
brca_metabric,MB-4557,MB-4557,-0.2617
brca_metabric,MB-4564,MB-4564,0.7823
brca_metabric,MB-4578,MB-4578,2.6507
brca_metabric,MB-4591,MB-4591,0.0911
brca_metabric,MB-4593,MB-4593,0.0602
brca_metabric,MB-4598,MB-4598,1.0305
brca_metabric,MB-4599,MB-4599,2.0788
brca_metabric,MB-4601,MB-4601,1.582
brca_metabric,MB-4602,MB-4602,1.5741
brca_metabric,MB-4603,MB-4603,1.2493
brca_metabric,MB-4607,MB-4607,1.2404
brca_metabric,MB-4616,MB-4616,0.4731
brca_metabric,MB-4618,MB-4618,0.1077
brca_metabric,MB-4621,MB-4621,-0.2103
brca_metabric,MB-4622,MB-4622,0.1845
brca_metabric,MB-4623,MB-4623,1.4326
brca_metabric,MB-4626,MB-4626,1.3205
brca_metabric,MB-4627,MB-4627,1.5477
brca_metabric,MB-4630,MB-4630,0.9745
brca_metabric,MB-4633,MB-4633,0.5199
brca_metabric,MB-4634,MB-4634,2.9001
brca_metabric,MB-4639,MB-4639,-0.0246
brca_metabric,MB-4640,MB-4640,0.7297
brca_metabric,MB-4641,MB-4641,0.7556
brca_metabric,MB-4642,MB-4642,-0.3167
brca_metabric,MB-4643,MB-4643,0.5564
brca_metabric,MB-4644,MB-4644,1.6004
brca_metabric,MB-4648,MB-4648,-0.5466
brca_metabric,MB-4649,MB-4649,-0.1305
brca_metabric,MB-4651,MB-4651,0.6599
brca_metabric,MB-4653,MB-4653,-0.0195
brca_metabric,MB-4654,MB-4654,-0.2053
brca_metabric,MB-4655,MB-4655,0.0167
brca_metabric,MB-4660,MB-4660,1.6788
brca_metabric,MB-4661,MB-4661,0.3664
brca_metabric,MB-4663,MB-4663,-0.3054
brca_metabric,MB-4665,MB-4665,1.3695
brca_metabric,MB-4666,MB-4666,0.7408
brca_metabric,MB-4667,MB-4667,1.303
brca_metabric,MB-4669,MB-4669,1.8767
brca_metabric,MB-4670,MB-4670,0.5627
brca_metabric,MB-4671,MB-4671,1.2612
brca_metabric,MB-4672,MB-4672,1.7167
brca_metabric,MB-4673,MB-4673,-0.0572
brca_metabric,MB-4674,MB-4674,0.5828
brca_metabric,MB-4675,MB-4675,-0.5712
brca_metabric,MB-4679,MB-4679,2.558
brca_metabric,MB-4681,MB-4681,1.2438
brca_metabric,MB-4682,MB-4682,1.3705
brca_metabric,MB-4685,MB-4685,1.9237
brca_metabric,MB-4686,MB-4686,1.2462
brca_metabric,MB-4687,MB-4687,0.9535
brca_metabric,MB-4688,MB-4688,0.5027
brca_metabric,MB-4691,MB-4691,1.6827
brca_metabric,MB-4692,MB-4692,2.2583
brca_metabric,MB-4694,MB-4694,1.1628
brca_metabric,MB-4695,MB-4695,0.1873
brca_metabric,MB-4696,MB-4696,-0.2449
brca_metabric,MB-4697,MB-4697,1.2404
brca_metabric,MB-4698,MB-4698,1.3831
brca_metabric,MB-4701,MB-4701,0.2637
brca_metabric,MB-4702,MB-4702,1.3118
brca_metabric,MB-4704,MB-4704,0.5185
brca_metabric,MB-4705,MB-4705,0.768
brca_metabric,MB-4706,MB-4706,0.8914
brca_metabric,MB-4707,MB-4707,1.305
brca_metabric,MB-4708,MB-4708,-0.2384
brca_metabric,MB-4709,MB-4709,1.817
brca_metabric,MB-4710,MB-4710,0.8561
brca_metabric,MB-4711,MB-4711,0.4894
brca_metabric,MB-4712,MB-4712,0.1542
brca_metabric,MB-4714,MB-4714,0.7428
brca_metabric,MB-4715,MB-4715,-0.4466
brca_metabric,MB-4716,MB-4716,-0.0498
brca_metabric,MB-4717,MB-4717,-0.594
brca_metabric,MB-4718,MB-4718,1.2097
brca_metabric,MB-4719,MB-4719,0.5976
brca_metabric,MB-4721,MB-4721,1.2759
brca_metabric,MB-4722,MB-4722,-0.3888
brca_metabric,MB-4723,MB-4723,0.6579
brca_metabric,MB-4724,MB-4724,-0.1737
brca_metabric,MB-4725,MB-4725,-0.4138
brca_metabric,MB-4729,MB-4729,-0.3784
brca_metabric,MB-4730,MB-4730,1.8252
brca_metabric,MB-4731,MB-4731,-0.6701
brca_metabric,MB-4732,MB-4732,0.8965
brca_metabric,MB-4733,MB-4733,0.8601
brca_metabric,MB-4735,MB-4735,0.0115
brca_metabric,MB-4737,MB-4737,0.6941
brca_metabric,MB-4738,MB-4738,-1.1878
brca_metabric,MB-4739,MB-4739,0.263
brca_metabric,MB-4741,MB-4741,1.5738
brca_metabric,MB-4742,MB-4742,1.392
brca_metabric,MB-4743,MB-4743,0.6921
brca_metabric,MB-4744,MB-4744,1.0432
brca_metabric,MB-4745,MB-4745,-0.6045
brca_metabric,MB-4746,MB-4746,-0.1651
brca_metabric,MB-4749,MB-4749,0.7833
brca_metabric,MB-4750,MB-4750,0.6995
brca_metabric,MB-4752,MB-4752,1.8674
brca_metabric,MB-4757,MB-4757,1.1463
brca_metabric,MB-4758,MB-4758,-0.5382
brca_metabric,MB-4760,MB-4760,0.4903
brca_metabric,MB-4762,MB-4762,1.2807
brca_metabric,MB-4763,MB-4763,0.0089
brca_metabric,MB-4764,MB-4764,-0.17
brca_metabric,MB-4767,MB-4767,0.5524
brca_metabric,MB-4769,MB-4769,-0.4025
brca_metabric,MB-4770,MB-4770,0.2944
brca_metabric,MB-4771,MB-4771,0.0583
brca_metabric,MB-4778,MB-4778,0.9665
brca_metabric,MB-4779,MB-4779,-0.3861
brca_metabric,MB-4782,MB-4782,-0.781
brca_metabric,MB-4784,MB-4784,-0.5717
brca_metabric,MB-4785,MB-4785,0.483
brca_metabric,MB-4787,MB-4787,0.6833
brca_metabric,MB-4790,MB-4790,0.6373
brca_metabric,MB-4791,MB-4791,-0.1397
brca_metabric,MB-4792,MB-4792,-1.0706
brca_metabric,MB-4793,MB-4793,0.6068
brca_metabric,MB-4794,MB-4794,0.2054
brca_metabric,MB-4796,MB-4796,-0.1134
brca_metabric,MB-4797,MB-4797,-0.6866
brca_metabric,MB-4798,MB-4798,1.7582
brca_metabric,MB-4800,MB-4800,-0.5853
brca_metabric,MB-4801,MB-4801,-1.7344
brca_metabric,MB-4802,MB-4802,0.5574
brca_metabric,MB-4805,MB-4805,-1.2412
brca_metabric,MB-4806,MB-4806,-0.1989
brca_metabric,MB-4809,MB-4809,-0.1457
brca_metabric,MB-4814,MB-4814,0.9454
brca_metabric,MB-4818,MB-4818,0.2422
brca_metabric,MB-4820,MB-4820,0.593
brca_metabric,MB-4822,MB-4822,-0.6799
brca_metabric,MB-4823,MB-4823,-0.7835
brca_metabric,MB-4825,MB-4825,1.9913
brca_metabric,MB-4827,MB-4827,0.4693
brca_metabric,MB-4828,MB-4828,2.0767
brca_metabric,MB-4829,MB-4829,1.0157
brca_metabric,MB-4832,MB-4832,0.4524
brca_metabric,MB-4834,MB-4834,1.5646
brca_metabric,MB-4836,MB-4836,1.7973
brca_metabric,MB-4838,MB-4838,1.4649
brca_metabric,MB-4839,MB-4839,2.1342
brca_metabric,MB-4843,MB-4843,0.7358
brca_metabric,MB-4845,MB-4845,0.1273
brca_metabric,MB-4846,MB-4846,1.491
brca_metabric,MB-4849,MB-4849,0.3444
brca_metabric,MB-4851,MB-4851,0.3473
brca_metabric,MB-4853,MB-4853,0.587
brca_metabric,MB-4855,MB-4855,-0.8727
brca_metabric,MB-4858,MB-4858,0.4752
brca_metabric,MB-4859,MB-4859,1.5592
brca_metabric,MB-4860,MB-4860,0.5653
brca_metabric,MB-4862,MB-4862,0.938
brca_metabric,MB-4865,MB-4865,0.7489
brca_metabric,MB-4866,MB-4866,0.8066
brca_metabric,MB-4867,MB-4867,1.0472
brca_metabric,MB-4869,MB-4869,0.5305
brca_metabric,MB-4870,MB-4870,-0.1144
brca_metabric,MB-4871,MB-4871,-0.6767
brca_metabric,MB-4872,MB-4872,1.1034
brca_metabric,MB-4873,MB-4873,0.7408
brca_metabric,MB-4876,MB-4876,0.9692
brca_metabric,MB-4878,MB-4878,-0.2909
brca_metabric,MB-4879,MB-4879,-0.1044
brca_metabric,MB-4880,MB-4880,2.0028
brca_metabric,MB-4881,MB-4881,0.153
brca_metabric,MB-4882,MB-4882,0.0532
brca_metabric,MB-4883,MB-4883,0.4604
brca_metabric,MB-4886,MB-4886,-0.2776
brca_metabric,MB-4887,MB-4887,0.5953
brca_metabric,MB-4888,MB-4888,-0.7069
brca_metabric,MB-4893,MB-4893,0.9956
brca_metabric,MB-4894,MB-4894,0.8887
brca_metabric,MB-4896,MB-4896,0.8478
brca_metabric,MB-4897,MB-4897,0.945
brca_metabric,MB-4898,MB-4898,-0.4901
brca_metabric,MB-4899,MB-4899,-0.1543
brca_metabric,MB-4900,MB-4900,0.4745
brca_metabric,MB-4904,MB-4904,2.1415
brca_metabric,MB-4906,MB-4906,0.4809
brca_metabric,MB-4908,MB-4908,-0.1254
brca_metabric,MB-4911,MB-4911,0.2814
brca_metabric,MB-4912,MB-4912,0.7769
brca_metabric,MB-4925,MB-4925,0.4759
brca_metabric,MB-4928,MB-4928,-0.1402
brca_metabric,MB-4929,MB-4929,1.0686
brca_metabric,MB-4930,MB-4930,-0.4489
brca_metabric,MB-4931,MB-4931,0.9871
brca_metabric,MB-4933,MB-4933,0.8835
brca_metabric,MB-4934,MB-4934,0.9352
brca_metabric,MB-4935,MB-4935,0.5642
brca_metabric,MB-4937,MB-4937,1.0296
brca_metabric,MB-4938,MB-4938,0.1116
brca_metabric,MB-4941,MB-4941,1.6375
brca_metabric,MB-4942,MB-4942,0.9682
brca_metabric,MB-4944,MB-4944,0.6176
brca_metabric,MB-4945,MB-4945,0.2848
brca_metabric,MB-4949,MB-4949,0.6504
brca_metabric,MB-4950,MB-4950,0.8691
brca_metabric,MB-4952,MB-4952,1.1837
brca_metabric,MB-4956,MB-4956,1.3324
brca_metabric,MB-4957,MB-4957,2.1608
brca_metabric,MB-4959,MB-4959,0.7303
brca_metabric,MB-4961,MB-4961,0.6087
brca_metabric,MB-4962,MB-4962,1.816
brca_metabric,MB-4965,MB-4965,2.3529
brca_metabric,MB-4966,MB-4966,-0.7439
brca_metabric,MB-4967,MB-4967,0.801
brca_metabric,MB-4968,MB-4968,-0.3769
brca_metabric,MB-4969,MB-4969,0.6492
brca_metabric,MB-4970,MB-4970,-0.5006
brca_metabric,MB-4974,MB-4974,0.1837
brca_metabric,MB-4976,MB-4976,0.2027
brca_metabric,MB-4977,MB-4977,0.2628
brca_metabric,MB-4978,MB-4978,0.6256
brca_metabric,MB-4981,MB-4981,1.0366
brca_metabric,MB-4982,MB-4982,0.2889
brca_metabric,MB-4986,MB-4986,0.429
brca_metabric,MB-4987,MB-4987,0.445
brca_metabric,MB-4991,MB-4991,-0.5586
brca_metabric,MB-4992,MB-4992,0.5248
brca_metabric,MB-4993,MB-4993,0.328
brca_metabric,MB-4994,MB-4994,0.0008
brca_metabric,MB-4996,MB-4996,1.627
brca_metabric,MB-4998,MB-4998,-1.2986
brca_metabric,MB-4999,MB-4999,0.6937
brca_metabric,MB-5001,MB-5001,0.333
brca_metabric,MB-5004,MB-5004,1.5862
brca_metabric,MB-5008,MB-5008,2.6533
brca_metabric,MB-5011,MB-5011,0.5318
brca_metabric,MB-5013,MB-5013,1.1944
brca_metabric,MB-5014,MB-5014,1.0539
brca_metabric,MB-5015,MB-5015,0.3066
brca_metabric,MB-5017,MB-5017,1.4531
brca_metabric,MB-5018,MB-5018,-0.3278
brca_metabric,MB-5019,MB-5019,1.0604
brca_metabric,MB-5020,MB-5020,0.0467
brca_metabric,MB-5022,MB-5022,-0.4072
brca_metabric,MB-5027,MB-5027,0.075
brca_metabric,MB-5033,MB-5033,0.217
brca_metabric,MB-5035,MB-5035,0.107
brca_metabric,MB-5039,MB-5039,0.6068
brca_metabric,MB-5040,MB-5040,0.1868
brca_metabric,MB-5041,MB-5041,1.0285
brca_metabric,MB-5043,MB-5043,1.2802
brca_metabric,MB-5044,MB-5044,1.723
brca_metabric,MB-5045,MB-5045,0.0865
brca_metabric,MB-5048,MB-5048,-0.7597
brca_metabric,MB-5049,MB-5049,0.6317
brca_metabric,MB-5050,MB-5050,1.0169
brca_metabric,MB-5052,MB-5052,1.3605
brca_metabric,MB-5053,MB-5053,-0.2567
brca_metabric,MB-5054,MB-5054,0.5761
brca_metabric,MB-5057,MB-5057,0.0725
brca_metabric,MB-5058,MB-5058,-0.4422
brca_metabric,MB-5059,MB-5059,0.6204
brca_metabric,MB-5060,MB-5060,0.3687
brca_metabric,MB-5061,MB-5061,1.6884
brca_metabric,MB-5062,MB-5062,0.8811
brca_metabric,MB-5063,MB-5063,-0.9202
brca_metabric,MB-5064,MB-5064,1.4418
brca_metabric,MB-5065,MB-5065,2.4918
brca_metabric,MB-5066,MB-5066,0.845
brca_metabric,MB-5068,MB-5068,2.6927
brca_metabric,MB-5070,MB-5070,0.6846
brca_metabric,MB-5072,MB-5072,0.6781
brca_metabric,MB-5073,MB-5073,0.4077
brca_metabric,MB-5074,MB-5074,1.5887
brca_metabric,MB-5076,MB-5076,-0.0812
brca_metabric,MB-5078,MB-5078,1.6051
brca_metabric,MB-5079,MB-5079,0.471
brca_metabric,MB-5081,MB-5081,0.4469
brca_metabric,MB-5084,MB-5084,1.3768
brca_metabric,MB-5086,MB-5086,0.9125
brca_metabric,MB-5088,MB-5088,1.4622
brca_metabric,MB-5092,MB-5092,-0.7114
brca_metabric,MB-5093,MB-5093,0.0681
brca_metabric,MB-5097,MB-5097,1.2662
brca_metabric,MB-5098,MB-5098,-0.0732
brca_metabric,MB-5100,MB-5100,1.1823
brca_metabric,MB-5101,MB-5101,0.6861
brca_metabric,MB-5102,MB-5102,1.4066
brca_metabric,MB-5104,MB-5104,2.8093
brca_metabric,MB-5105,MB-5105,2.1806
brca_metabric,MB-5106,MB-5106,1.0911
brca_metabric,MB-5107,MB-5107,2.2401
brca_metabric,MB-5109,MB-5109,0.6843
brca_metabric,MB-5110,MB-5110,0.8674
brca_metabric,MB-5113,MB-5113,0.7844
brca_metabric,MB-5114,MB-5114,0.1536
brca_metabric,MB-5115,MB-5115,-0.3026
brca_metabric,MB-5116,MB-5116,0.4779
brca_metabric,MB-5117,MB-5117,0.1601
brca_metabric,MB-5118,MB-5118,-0.1407
brca_metabric,MB-5119,MB-5119,1.3703
brca_metabric,MB-5120,MB-5120,0.3168
brca_metabric,MB-5121,MB-5121,1.1672
brca_metabric,MB-5122,MB-5122,0.9168
brca_metabric,MB-5123,MB-5123,-0.4317
brca_metabric,MB-5124,MB-5124,-0.2766
brca_metabric,MB-5126,MB-5126,0.2696
brca_metabric,MB-5127,MB-5127,-0.4985
brca_metabric,MB-5130,MB-5130,1.3105
brca_metabric,MB-5131,MB-5131,1.6653
brca_metabric,MB-5134,MB-5134,-0.3038
brca_metabric,MB-5135,MB-5135,-0.9796
brca_metabric,MB-5136,MB-5136,0.9662
brca_metabric,MB-5137,MB-5137,-0.7763
brca_metabric,MB-5138,MB-5138,1.3561
brca_metabric,MB-5139,MB-5139,0.4259
brca_metabric,MB-5140,MB-5140,2.939
brca_metabric,MB-5143,MB-5143,1.4444
brca_metabric,MB-5144,MB-5144,1.3397
brca_metabric,MB-5145,MB-5145,-0.4394
brca_metabric,MB-5147,MB-5147,0.6317
brca_metabric,MB-5148,MB-5148,0.4855
brca_metabric,MB-5150,MB-5150,1.7926
brca_metabric,MB-5152,MB-5152,0.2828
brca_metabric,MB-5154,MB-5154,2.0865
brca_metabric,MB-5155,MB-5155,1.8984
brca_metabric,MB-5157,MB-5157,1.6665
brca_metabric,MB-5158,MB-5158,-0.2412
brca_metabric,MB-5160,MB-5160,0.676
brca_metabric,MB-5161,MB-5161,-0.1045
brca_metabric,MB-5162,MB-5162,0.1567
brca_metabric,MB-5163,MB-5163,1.5134
brca_metabric,MB-5164,MB-5164,1.5263
brca_metabric,MB-5166,MB-5166,0.4334
brca_metabric,MB-5167,MB-5167,1.039
brca_metabric,MB-5169,MB-5169,-0.1822
brca_metabric,MB-5171,MB-5171,1.1165
brca_metabric,MB-5172,MB-5172,0.0903
brca_metabric,MB-5173,MB-5173,0.4134
brca_metabric,MB-5174,MB-5174,1.6442
brca_metabric,MB-5175,MB-5175,2.3382
brca_metabric,MB-5176,MB-5176,0.9908
brca_metabric,MB-5177,MB-5177,2.2892
brca_metabric,MB-5178,MB-5178,0.5119
brca_metabric,MB-5179,MB-5179,2.0234
brca_metabric,MB-5182,MB-5182,0.4266
brca_metabric,MB-5183,MB-5183,-0.352
brca_metabric,MB-5184,MB-5184,-0.2496
brca_metabric,MB-5185,MB-5185,1.878
brca_metabric,MB-5186,MB-5186,-0.184
brca_metabric,MB-5188,MB-5188,-0.1042
brca_metabric,MB-5189,MB-5189,2.0746
brca_metabric,MB-5190,MB-5190,2.078
brca_metabric,MB-5191,MB-5191,2.1769
brca_metabric,MB-5193,MB-5193,1.6638
brca_metabric,MB-5195,MB-5195,-0.6214
brca_metabric,MB-5196,MB-5196,1.6295
brca_metabric,MB-5197,MB-5197,-0.0664
brca_metabric,MB-5199,MB-5199,-0.7074
brca_metabric,MB-5200,MB-5200,1.5723
brca_metabric,MB-5201,MB-5201,1.5532
brca_metabric,MB-5204,MB-5204,0.944
brca_metabric,MB-5205,MB-5205,0.5426
brca_metabric,MB-5206,MB-5206,0.3691
brca_metabric,MB-5208,MB-5208,0.8788
brca_metabric,MB-5209,MB-5209,0.1997
brca_metabric,MB-5211,MB-5211,0.1909
brca_metabric,MB-5212,MB-5212,0.7013
brca_metabric,MB-5213,MB-5213,-0.6795
brca_metabric,MB-5214,MB-5214,1.8815
brca_metabric,MB-5215,MB-5215,0.7816
brca_metabric,MB-5218,MB-5218,-0.6389
brca_metabric,MB-5219,MB-5219,0.2478
brca_metabric,MB-5221,MB-5221,0.9151
brca_metabric,MB-5222,MB-5222,0.4808
brca_metabric,MB-5223,MB-5223,0.2
brca_metabric,MB-5224,MB-5224,2.1821
brca_metabric,MB-5225,MB-5225,0.0443
brca_metabric,MB-5226,MB-5226,1.6137
brca_metabric,MB-5227,MB-5227,0.6121
brca_metabric,MB-5228,MB-5228,0.43
brca_metabric,MB-5229,MB-5229,-0.1209
brca_metabric,MB-5230,MB-5230,1.5763
brca_metabric,MB-5231,MB-5231,2.6867
brca_metabric,MB-5232,MB-5232,-0.0349
brca_metabric,MB-5233,MB-5233,1.2362
brca_metabric,MB-5235,MB-5235,0.7116
brca_metabric,MB-5236,MB-5236,0.7524
brca_metabric,MB-5238,MB-5238,0.6597
brca_metabric,MB-5239,MB-5239,1.7325
brca_metabric,MB-5240,MB-5240,1.6384
brca_metabric,MB-5243,MB-5243,2.6379
brca_metabric,MB-5244,MB-5244,2.5753
brca_metabric,MB-5251,MB-5251,1.0231
brca_metabric,MB-5253,MB-5253,1.5066
brca_metabric,MB-5255,MB-5255,1.4592
brca_metabric,MB-5256,MB-5256,0.5108
brca_metabric,MB-5258,MB-5258,-0.5149
brca_metabric,MB-5259,MB-5259,1.6023
brca_metabric,MB-5260,MB-5260,1.9892
brca_metabric,MB-5261,MB-5261,1.4081
brca_metabric,MB-5264,MB-5264,0.549
brca_metabric,MB-5266,MB-5266,2.1861
brca_metabric,MB-5267,MB-5267,1.5022
brca_metabric,MB-5268,MB-5268,1.4043
brca_metabric,MB-5270,MB-5270,1.1632
brca_metabric,MB-5271,MB-5271,1.6072
brca_metabric,MB-5272,MB-5272,1.7184
brca_metabric,MB-5273,MB-5273,1.5567
brca_metabric,MB-5275,MB-5275,1.8815
brca_metabric,MB-5277,MB-5277,-0.269
brca_metabric,MB-5278,MB-5278,0.5109
brca_metabric,MB-5279,MB-5279,0.3746
brca_metabric,MB-5280,MB-5280,-0.022
brca_metabric,MB-5281,MB-5281,1.4521
brca_metabric,MB-5284,MB-5284,0.574
brca_metabric,MB-5287,MB-5287,0.8566
brca_metabric,MB-5288,MB-5288,0.8834
brca_metabric,MB-5289,MB-5289,1.4872
brca_metabric,MB-5290,MB-5290,0.1123
brca_metabric,MB-5291,MB-5291,0.1007
brca_metabric,MB-5292,MB-5292,0.7423
brca_metabric,MB-5293,MB-5293,0.7022
brca_metabric,MB-5294,MB-5294,0.3398
brca_metabric,MB-5295,MB-5295,0.3861
brca_metabric,MB-5296,MB-5296,1.4347
brca_metabric,MB-5298,MB-5298,0.3258
brca_metabric,MB-5299,MB-5299,1.5154
brca_metabric,MB-5300,MB-5300,0.3701
brca_metabric,MB-5301,MB-5301,-1.1017
brca_metabric,MB-5302,MB-5302,0.2906
brca_metabric,MB-5305,MB-5305,0.4896
brca_metabric,MB-5306,MB-5306,2.9429
brca_metabric,MB-5308,MB-5308,0.3954
brca_metabric,MB-5310,MB-5310,0.9391
brca_metabric,MB-5311,MB-5311,0.49
brca_metabric,MB-5312,MB-5312,0.8432
brca_metabric,MB-5313,MB-5313,0.2145
brca_metabric,MB-5315,MB-5315,0.4431
brca_metabric,MB-5317,MB-5317,1.6696
brca_metabric,MB-5318,MB-5318,0.921
brca_metabric,MB-5322,MB-5322,2.2043
brca_metabric,MB-5323,MB-5323,1.1084
brca_metabric,MB-5324,MB-5324,0.4906
brca_metabric,MB-5325,MB-5325,0.2258
brca_metabric,MB-5326,MB-5326,-0.106
brca_metabric,MB-5327,MB-5327,-0.168
brca_metabric,MB-5328,MB-5328,0.893
brca_metabric,MB-5329,MB-5329,2.3792
brca_metabric,MB-5330,MB-5330,0.1439
brca_metabric,MB-5331,MB-5331,0.7315
brca_metabric,MB-5332,MB-5332,0.8447
brca_metabric,MB-5334,MB-5334,-0.1848
brca_metabric,MB-5335,MB-5335,-0.8326
brca_metabric,MB-5338,MB-5338,0.8304
brca_metabric,MB-5339,MB-5339,0.7946
brca_metabric,MB-5341,MB-5341,1.5266
brca_metabric,MB-5345,MB-5345,0.5732
brca_metabric,MB-5346,MB-5346,-1.2737
brca_metabric,MB-5347,MB-5347,1.9255
brca_metabric,MB-5348,MB-5348,0.4148
brca_metabric,MB-5349,MB-5349,0.5752
brca_metabric,MB-5350,MB-5350,1.6333
brca_metabric,MB-5351,MB-5351,0.4334
brca_metabric,MB-5358,MB-5358,0.306
brca_metabric,MB-5360,MB-5360,1.9075
brca_metabric,MB-5361,MB-5361,0.024
brca_metabric,MB-5364,MB-5364,1.6835
brca_metabric,MB-5365,MB-5365,-0.0686
brca_metabric,MB-5366,MB-5366,-0.6331
brca_metabric,MB-5368,MB-5368,1.5878
brca_metabric,MB-5369,MB-5369,0.3104
brca_metabric,MB-5370,MB-5370,-0.0218
brca_metabric,MB-5373,MB-5373,1.0358
brca_metabric,MB-5377,MB-5377,0.5443
brca_metabric,MB-5378,MB-5378,-1.2405
brca_metabric,MB-5381,MB-5381,1.2629
brca_metabric,MB-5382,MB-5382,0.6887
brca_metabric,MB-5383,MB-5383,0.9149
brca_metabric,MB-5384,MB-5384,1.4895
brca_metabric,MB-5385,MB-5385,2.0638
brca_metabric,MB-5386,MB-5386,0.7156
brca_metabric,MB-5387,MB-5387,1.5122
brca_metabric,MB-5388,MB-5388,0.5059
brca_metabric,MB-5389,MB-5389,1.0789
brca_metabric,MB-5390,MB-5390,-0.2479
brca_metabric,MB-5392,MB-5392,0.679
brca_metabric,MB-5393,MB-5393,1.8729
brca_metabric,MB-5394,MB-5394,1.0739
brca_metabric,MB-5395,MB-5395,-0.1602
brca_metabric,MB-5396,MB-5396,2.8256
brca_metabric,MB-5397,MB-5397,0.321
brca_metabric,MB-5398,MB-5398,-0.2146
brca_metabric,MB-5399,MB-5399,1.2613
brca_metabric,MB-5401,MB-5401,0.8306
brca_metabric,MB-5402,MB-5402,0.4995
brca_metabric,MB-5403,MB-5403,-0.3013
brca_metabric,MB-5404,MB-5404,0.0836
brca_metabric,MB-5405,MB-5405,1.5463
brca_metabric,MB-5406,MB-5406,1.933
brca_metabric,MB-5407,MB-5407,-0.1152
brca_metabric,MB-5408,MB-5408,0.4445
brca_metabric,MB-5409,MB-5409,0.5137
brca_metabric,MB-5410,MB-5410,0.4913
brca_metabric,MB-5411,MB-5411,0.9232
brca_metabric,MB-5412,MB-5412,0.4947
brca_metabric,MB-5413,MB-5413,0.5335
brca_metabric,MB-5414,MB-5414,-0.1844
brca_metabric,MB-5417,MB-5417,0.1589
brca_metabric,MB-5418,MB-5418,0.1141
brca_metabric,MB-5420,MB-5420,-0.0289
brca_metabric,MB-5421,MB-5421,1.821
brca_metabric,MB-5422,MB-5422,-0.4554
brca_metabric,MB-5424,MB-5424,-0.2466
brca_metabric,MB-5425,MB-5425,1.9354
brca_metabric,MB-5426,MB-5426,-0.0469
brca_metabric,MB-5427,MB-5427,-0.3216
brca_metabric,MB-5428,MB-5428,1.1847
brca_metabric,MB-5429,MB-5429,0.5909
brca_metabric,MB-5431,MB-5431,-0.0486
brca_metabric,MB-5432,MB-5432,1.2995
brca_metabric,MB-5433,MB-5433,2.2688
brca_metabric,MB-5434,MB-5434,1.9175
brca_metabric,MB-5435,MB-5435,0.536
brca_metabric,MB-5440,MB-5440,1.9044
brca_metabric,MB-5441,MB-5441,1.4778
brca_metabric,MB-5442,MB-5442,0.2368
brca_metabric,MB-5444,MB-5444,0.473
brca_metabric,MB-5446,MB-5446,0.1089
brca_metabric,MB-5447,MB-5447,0.6215
brca_metabric,MB-5450,MB-5450,-0.4025
brca_metabric,MB-5451,MB-5451,0.9467
brca_metabric,MB-5452,MB-5452,0.5643
brca_metabric,MB-5453,MB-5453,-0.6202
brca_metabric,MB-5454,MB-5454,1.5744
brca_metabric,MB-5455,MB-5455,1.4253
brca_metabric,MB-5457,MB-5457,-0.3572
brca_metabric,MB-5458,MB-5458,0.2236
brca_metabric,MB-5459,MB-5459,-0.9565
brca_metabric,MB-5460,MB-5460,0.3596
brca_metabric,MB-5463,MB-5463,1.0529
brca_metabric,MB-5464,MB-5464,-0.8262
brca_metabric,MB-5465,MB-5465,-1.2868
brca_metabric,MB-5467,MB-5467,-0.5598
brca_metabric,MB-5468,MB-5468,0.041
brca_metabric,MB-5470,MB-5470,1.1651
brca_metabric,MB-5471,MB-5471,0.1801
brca_metabric,MB-5472,MB-5472,0.0562
brca_metabric,MB-5473,MB-5473,0.5005
brca_metabric,MB-5474,MB-5474,0.6105
brca_metabric,MB-5475,MB-5475,0.2585
brca_metabric,MB-5477,MB-5477,0.8101
brca_metabric,MB-5478,MB-5478,-0.214
brca_metabric,MB-5481,MB-5481,0.213
brca_metabric,MB-5482,MB-5482,0.2956
brca_metabric,MB-5483,MB-5483,-0.4245
brca_metabric,MB-5484,MB-5484,-0.0889
brca_metabric,MB-5485,MB-5485,-0.1672
brca_metabric,MB-5486,MB-5486,0.4517
brca_metabric,MB-5489,MB-5489,0.755
brca_metabric,MB-5490,MB-5490,0.9828
brca_metabric,MB-5491,MB-5491,-0.0582
brca_metabric,MB-5492,MB-5492,0.7468
brca_metabric,MB-5493,MB-5493,2.5977
brca_metabric,MB-5495,MB-5495,0.2769
brca_metabric,MB-5497,MB-5497,-0.4456
brca_metabric,MB-5498,MB-5498,-0.8808
brca_metabric,MB-5499,MB-5499,0.8784
brca_metabric,MB-5502,MB-5502,-0.5964
brca_metabric,MB-5505,MB-5505,1.6551
brca_metabric,MB-5510,MB-5510,0.3712
brca_metabric,MB-5511,MB-5511,-1.38
brca_metabric,MB-5513,MB-5513,-0.2409
brca_metabric,MB-5514,MB-5514,-0.0705
brca_metabric,MB-5518,MB-5518,1.0427
brca_metabric,MB-5519,MB-5519,0.1333
brca_metabric,MB-5520,MB-5520,0.2576
brca_metabric,MB-5521,MB-5521,-0.1031
brca_metabric,MB-5525,MB-5525,0.5017
brca_metabric,MB-5526,MB-5526,-0.7898
brca_metabric,MB-5527,MB-5527,1.177
brca_metabric,MB-5529,MB-5529,-0.2303
brca_metabric,MB-5530,MB-5530,-1.063
brca_metabric,MB-5531,MB-5531,0.3693
brca_metabric,MB-5532,MB-5532,0.8296
brca_metabric,MB-5533,MB-5533,0.0045
brca_metabric,MB-5534,MB-5534,0.0571
brca_metabric,MB-5535,MB-5535,0.8599
brca_metabric,MB-5540,MB-5540,0.1534
brca_metabric,MB-5541,MB-5541,-0.4855
brca_metabric,MB-5543,MB-5543,1.093
brca_metabric,MB-5546,MB-5546,-0.6173
brca_metabric,MB-5547,MB-5547,-0.2337
brca_metabric,MB-5548,MB-5548,2.2601
brca_metabric,MB-5549,MB-5549,-0.2782
brca_metabric,MB-5550,MB-5550,1.3517
brca_metabric,MB-5551,MB-5551,-1.0712
brca_metabric,MB-5552,MB-5552,1.0952
brca_metabric,MB-5553,MB-5553,-0.0418
brca_metabric,MB-5554,MB-5554,-0.1373
brca_metabric,MB-5556,MB-5556,-0.2006
brca_metabric,MB-5558,MB-5558,-0.4206
brca_metabric,MB-5559,MB-5559,-0.0102
brca_metabric,MB-5560,MB-5560,-1.0462
brca_metabric,MB-5562,MB-5562,-0.2212
brca_metabric,MB-5563,MB-5563,0.4277
brca_metabric,MB-5565,MB-5565,-0.7186
brca_metabric,MB-5566,MB-5566,0.4325
brca_metabric,MB-5567,MB-5567,-0.2389
brca_metabric,MB-5571,MB-5571,0.2028
brca_metabric,MB-5572,MB-5572,0.5998
brca_metabric,MB-5575,MB-5575,-0.7239
brca_metabric,MB-5576,MB-5576,-0.3333
brca_metabric,MB-5577,MB-5577,-0.3866
brca_metabric,MB-5579,MB-5579,-0.3828
brca_metabric,MB-5580,MB-5580,0.0727
brca_metabric,MB-5582,MB-5582,-0.741
brca_metabric,MB-5583,MB-5583,-0.3146
brca_metabric,MB-5584,MB-5584,-1.0154
brca_metabric,MB-5585,MB-5585,-1.3665
brca_metabric,MB-5588,MB-5588,-0.337
brca_metabric,MB-5589,MB-5589,-0.3983
brca_metabric,MB-5590,MB-5590,-0.6068
brca_metabric,MB-5591,MB-5591,-1.1047
brca_metabric,MB-5592,MB-5592,0.1991
brca_metabric,MB-5593,MB-5593,0.944
brca_metabric,MB-5596,MB-5596,-0.3256
brca_metabric,MB-5597,MB-5597,0.6741
brca_metabric,MB-5599,MB-5599,0.7092
brca_metabric,MB-5601,MB-5601,0.1306
brca_metabric,MB-5602,MB-5602,0.398
brca_metabric,MB-5603,MB-5603,0.376
brca_metabric,MB-5604,MB-5604,-1.2853
brca_metabric,MB-5605,MB-5605,-1.2868
brca_metabric,MB-5613,MB-5613,-1.0522
brca_metabric,MB-5614,MB-5614,-1.1741
brca_metabric,MB-5616,MB-5616,-0.1006
brca_metabric,MB-5617,MB-5617,0.1794
brca_metabric,MB-5620,MB-5620,-1.3142
brca_metabric,MB-5622,MB-5622,1.0565
brca_metabric,MB-5623,MB-5623,-1.0446
brca_metabric,MB-5624,MB-5624,0.4029
brca_metabric,MB-5625,MB-5625,-0.0473
brca_metabric,MB-5626,MB-5626,-0.6365
brca_metabric,MB-5628,MB-5628,0.4124
brca_metabric,MB-5629,MB-5629,0.6065
brca_metabric,MB-5632,MB-5632,-1.309
brca_metabric,MB-5633,MB-5633,0.9125
brca_metabric,MB-5634,MB-5634,-0.1328
brca_metabric,MB-5635,MB-5635,1.3539
brca_metabric,MB-5636,MB-5636,-0.7939
brca_metabric,MB-5638,MB-5638,0.7443
brca_metabric,MB-5640,MB-5640,-0.0826
brca_metabric,MB-5641,MB-5641,0.2481
brca_metabric,MB-5642,MB-5642,-0.438
brca_metabric,MB-5645,MB-5645,0.476
brca_metabric,MB-5646,MB-5646,0.0811
brca_metabric,MB-5647,MB-5647,0.6927
brca_metabric,MB-5648,MB-5648,-0.4844
brca_metabric,MB-5651,MB-5651,0.7159
brca_metabric,MB-5652,MB-5652,-1.3694
brca_metabric,MB-5653,MB-5653,-0.5689
brca_metabric,MB-5654,MB-5654,-0.3522
brca_metabric,MB-5655,MB-5655,-0.2289
brca_metabric,MB-5656,MB-5656,0.4691
brca_metabric,MB-6001,MB-6001,-0.2378
brca_metabric,MB-6006,MB-6006,1.516
brca_metabric,MB-6007,MB-6007,-0.4695
brca_metabric,MB-6008,MB-6008,2.0586
brca_metabric,MB-6010,MB-6010,-0.028
brca_metabric,MB-6011,MB-6011,1.5546
brca_metabric,MB-6012,MB-6012,0.1423
brca_metabric,MB-6014,MB-6014,-0.9866
brca_metabric,MB-6016,MB-6016,2.5415
brca_metabric,MB-6017,MB-6017,0.5662
brca_metabric,MB-6018,MB-6018,0.857
brca_metabric,MB-6019,MB-6019,0.9104
brca_metabric,MB-6020,MB-6020,0.3388
brca_metabric,MB-6021,MB-6021,0.9083
brca_metabric,MB-6022,MB-6022,1.0327
brca_metabric,MB-6023,MB-6023,-0.3425
brca_metabric,MB-6024,MB-6024,0.2037
brca_metabric,MB-6026,MB-6026,2.0161
brca_metabric,MB-6029,MB-6029,0.2245
brca_metabric,MB-6030,MB-6030,-0.0203
brca_metabric,MB-6036,MB-6036,-0.5352
brca_metabric,MB-6039,MB-6039,-0.0007
brca_metabric,MB-6042,MB-6042,0.7408
brca_metabric,MB-6044,MB-6044,2.6092
brca_metabric,MB-6047,MB-6047,1.0358
brca_metabric,MB-6048,MB-6048,1.1337
brca_metabric,MB-6049,MB-6049,-0.3671
brca_metabric,MB-6050,MB-6050,0.8987
brca_metabric,MB-6051,MB-6051,1.4921
brca_metabric,MB-6052,MB-6052,0.0637
brca_metabric,MB-6053,MB-6053,1.8744
brca_metabric,MB-6055,MB-6055,1.5832
brca_metabric,MB-6058,MB-6058,-0.1394
brca_metabric,MB-6059,MB-6059,-0.175
brca_metabric,MB-6060,MB-6060,-0.8358
brca_metabric,MB-6062,MB-6062,1.466
brca_metabric,MB-6063,MB-6063,0.6087
brca_metabric,MB-6065,MB-6065,0.31
brca_metabric,MB-6068,MB-6068,-0.3555
brca_metabric,MB-6069,MB-6069,0.8735
brca_metabric,MB-6071,MB-6071,0.5079
brca_metabric,MB-6075,MB-6075,2.1342
brca_metabric,MB-6077,MB-6077,0.5196
brca_metabric,MB-6079,MB-6079,2.4387
brca_metabric,MB-6080,MB-6080,2.0416
brca_metabric,MB-6082,MB-6082,0.4903
brca_metabric,MB-6083,MB-6083,1.2152
brca_metabric,MB-6085,MB-6085,1.9342
brca_metabric,MB-6092,MB-6092,0.3062
brca_metabric,MB-6097,MB-6097,1.3953
brca_metabric,MB-6098,MB-6098,0.2887
brca_metabric,MB-6100,MB-6100,1.9906
brca_metabric,MB-6101,MB-6101,0.1801
brca_metabric,MB-6103,MB-6103,0.1764
brca_metabric,MB-6105,MB-6105,0.7005
brca_metabric,MB-6107,MB-6107,0.2952
brca_metabric,MB-6108,MB-6108,3.0357
brca_metabric,MB-6113,MB-6113,2.6222
brca_metabric,MB-6114,MB-6114,2.0937
brca_metabric,MB-6116,MB-6116,-0.0418
brca_metabric,MB-6118,MB-6118,1.5354
brca_metabric,MB-6122,MB-6122,-0.0589
brca_metabric,MB-6124,MB-6124,-0.0452
brca_metabric,MB-6125,MB-6125,0.7987
brca_metabric,MB-6131,MB-6131,-0.0102
brca_metabric,MB-6133,MB-6133,0.5312
brca_metabric,MB-6135,MB-6135,1.5467
brca_metabric,MB-6138,MB-6138,0.9356
brca_metabric,MB-6141,MB-6141,1.1026
brca_metabric,MB-6143,MB-6143,-0.0665
brca_metabric,MB-6144,MB-6144,1.8211
brca_metabric,MB-6145,MB-6145,0.903
brca_metabric,MB-6146,MB-6146,0.8695
brca_metabric,MB-6147,MB-6147,-0.453
brca_metabric,MB-6149,MB-6149,1.7962
brca_metabric,MB-6150,MB-6150,0.3963
brca_metabric,MB-6152,MB-6152,-0.41
brca_metabric,MB-6154,MB-6154,1.3351
brca_metabric,MB-6156,MB-6156,0.9554
brca_metabric,MB-6157,MB-6157,0.1945
brca_metabric,MB-6160,MB-6160,1.6199
brca_metabric,MB-6163,MB-6163,1.1825
brca_metabric,MB-6164,MB-6164,0.7005
brca_metabric,MB-6167,MB-6167,0.6008
brca_metabric,MB-6168,MB-6168,0.0716
brca_metabric,MB-6169,MB-6169,-0.3632
brca_metabric,MB-6171,MB-6171,1.7102
brca_metabric,MB-6178,MB-6178,0.5019
brca_metabric,MB-6179,MB-6179,0.3879
brca_metabric,MB-6181,MB-6181,2.7513
brca_metabric,MB-6182,MB-6182,-0.0834
brca_metabric,MB-6183,MB-6183,0.1247
brca_metabric,MB-6184,MB-6184,1.2383
brca_metabric,MB-6185,MB-6185,1.0707
brca_metabric,MB-6187,MB-6187,1.6142
brca_metabric,MB-6188,MB-6188,-0.7628
brca_metabric,MB-6189,MB-6189,0.1318
brca_metabric,MB-6190,MB-6190,0.2009
brca_metabric,MB-6192,MB-6192,-0.8402
brca_metabric,MB-6194,MB-6194,-0.5605
brca_metabric,MB-6195,MB-6195,0.4257
brca_metabric,MB-6200,MB-6200,-0.1717
brca_metabric,MB-6201,MB-6201,-0.2681
brca_metabric,MB-6204,MB-6204,0.944
brca_metabric,MB-6206,MB-6206,NA
brca_metabric,MB-6207,MB-6207,0.0602
brca_metabric,MB-6208,MB-6208,0.6355
brca_metabric,MB-6211,MB-6211,0.9093
brca_metabric,MB-6212,MB-6212,0.4971
brca_metabric,MB-6213,MB-6213,1.2887
brca_metabric,MB-6214,MB-6214,0.0654
brca_metabric,MB-6217,MB-6217,0.2454
brca_metabric,MB-6218,MB-6218,2.7189
brca_metabric,MB-6223,MB-6223,0.8018
brca_metabric,MB-6224,MB-6224,1.4989
brca_metabric,MB-6225,MB-6225,-0.7712
brca_metabric,MB-6226,MB-6226,-0.6425
brca_metabric,MB-6228,MB-6228,0.4345
brca_metabric,MB-6229,MB-6229,0.4172
brca_metabric,MB-6230,MB-6230,0.262
brca_metabric,MB-6231,MB-6231,1.177
brca_metabric,MB-6232,MB-6232,-1.2034
brca_metabric,MB-6233,MB-6233,0.3212
brca_metabric,MB-6234,MB-6234,-0.1144
brca_metabric,MB-6237,MB-6237,0.2638
brca_metabric,MB-6238,MB-6238,-0.4364
brca_metabric,MB-6239,MB-6239,0.5235
brca_metabric,MB-6242,MB-6242,0.7875
brca_metabric,MB-6245,MB-6245,1.8079
brca_metabric,MB-6246,MB-6246,0.7287
brca_metabric,MB-6248,MB-6248,-0.4687
brca_metabric,MB-6251,MB-6251,1.2305
brca_metabric,MB-6253,MB-6253,0.273
brca_metabric,MB-6254,MB-6254,2.4299
brca_metabric,MB-6256,MB-6256,0.0312
brca_metabric,MB-6257,MB-6257,0.3249
brca_metabric,MB-6263,MB-6263,-0.4431
brca_metabric,MB-6271,MB-6271,0.6464
brca_metabric,MB-6272,MB-6272,0.3445
brca_metabric,MB-6273,MB-6273,1.2537
brca_metabric,MB-6280,MB-6280,0.5851
brca_metabric,MB-6281,MB-6281,1.3439
brca_metabric,MB-6283,MB-6283,-0.1659
brca_metabric,MB-6284,MB-6284,-0.2481
brca_metabric,MB-6286,MB-6286,1.5981
brca_metabric,MB-6287,MB-6287,0.6965
brca_metabric,MB-6288,MB-6288,1.6847
brca_metabric,MB-6297,MB-6297,-0.2217
brca_metabric,MB-6300,MB-6300,-1.007
brca_metabric,MB-6302,MB-6302,0.2072
brca_metabric,MB-6305,MB-6305,0.229
brca_metabric,MB-6306,MB-6306,0.6924
brca_metabric,MB-6308,MB-6308,0.6405
brca_metabric,MB-6312,MB-6312,0.2371
brca_metabric,MB-6314,MB-6314,0.7236
brca_metabric,MB-6317,MB-6317,-0.4153
brca_metabric,MB-6318,MB-6318,0.0079
brca_metabric,MB-6319,MB-6319,-0.354
brca_metabric,MB-6322,MB-6322,-0.0934
brca_metabric,MB-6327,MB-6327,-0.3157
brca_metabric,MB-6328,MB-6328,-0.3671
brca_metabric,MB-6329,MB-6329,1.0781
brca_metabric,MB-6330,MB-6330,0.1855
brca_metabric,MB-6334,MB-6334,-0.7259
brca_metabric,MB-6336,MB-6336,-0.3362
brca_metabric,MB-6337,MB-6337,0.2915
brca_metabric,MB-6344,MB-6344,0.7418
brca_metabric,MB-6346,MB-6346,0.4913
brca_metabric,MB-6358,MB-6358,0.763
brca_metabric,MB-6359,MB-6359,0.5293
brca_metabric,MB-6363,MB-6363,-0.3455
brca_metabric,MB-7000,MB-7000,-0.6681
brca_metabric,MB-7001,MB-7001,-1.8483
brca_metabric,MB-7002,MB-7002,-0.6055
brca_metabric,MB-7003,MB-7003,-0.9593
brca_metabric,MB-7004,MB-7004,-1.3739
brca_metabric,MB-7005,MB-7005,-0.6418
brca_metabric,MB-7006,MB-7006,0.5613
brca_metabric,MB-7007,MB-7007,0.1801
brca_metabric,MB-7008,MB-7008,-0.8613
brca_metabric,MB-7009,MB-7009,0.7086
brca_metabric,MB-7010,MB-7010,0.1693
brca_metabric,MB-7011,MB-7011,-1.859
brca_metabric,MB-7012,MB-7012,-0.8339
brca_metabric,MB-7013,MB-7013,1.2548
brca_metabric,MB-7014,MB-7014,-2.2023
brca_metabric,MB-7015,MB-7015,-1.1215
brca_metabric,MB-7017,MB-7017,-0.8582
brca_metabric,MB-7018,MB-7018,-0.4828
brca_metabric,MB-7019,MB-7019,-1.0878
brca_metabric,MB-7020,MB-7020,-0.9743
brca_metabric,MB-7022,MB-7022,-0.0639
brca_metabric,MB-7023,MB-7023,-1.9913
brca_metabric,MB-7024,MB-7024,-1.2641
brca_metabric,MB-7025,MB-7025,-0.1419
brca_metabric,MB-7026,MB-7026,-1.0288
brca_metabric,MB-7027,MB-7027,-0.5345
brca_metabric,MB-7028,MB-7028,-0.4243
brca_metabric,MB-7029,MB-7029,0.2776
brca_metabric,MB-7030,MB-7030,1.5433
brca_metabric,MB-7031,MB-7031,-0.892
brca_metabric,MB-7032,MB-7032,-0.7894
brca_metabric,MB-7034,MB-7034,0.3407
brca_metabric,MB-7035,MB-7035,-1.0448
brca_metabric,MB-7036,MB-7036,-1.1215
brca_metabric,MB-7037,MB-7037,-1.1021
brca_metabric,MB-7038,MB-7038,0.1177
brca_metabric,MB-7039,MB-7039,-1.527
brca_metabric,MB-7040,MB-7040,-0.7894
brca_metabric,MB-7041,MB-7041,-1.4199
brca_metabric,MB-7042,MB-7042,-0.4349
brca_metabric,MB-7043,MB-7043,-0.1118
brca_metabric,MB-7044,MB-7044,-0.7919
brca_metabric,MB-7045,MB-7045,-0.6412
brca_metabric,MB-7046,MB-7046,-0.2729
brca_metabric,MB-7048,MB-7048,0.4286
brca_metabric,MB-7049,MB-7049,0.2226
brca_metabric,MB-7050,MB-7050,-0.2053
brca_metabric,MB-7051,MB-7051,-0.4598
brca_metabric,MB-7052,MB-7052,-0.972
brca_metabric,MB-7053,MB-7053,-1.6369
brca_metabric,MB-7054,MB-7054,-0.1848
brca_metabric,MB-7055,MB-7055,-0.9802
brca_metabric,MB-7056,MB-7056,1.4156
brca_metabric,MB-7057,MB-7057,-0.712
brca_metabric,MB-7058,MB-7058,-1.3694
brca_metabric,MB-7059,MB-7059,-0.6307
brca_metabric,MB-7060,MB-7060,-0.0272
brca_metabric,MB-7061,MB-7061,-1.1675
brca_metabric,MB-7062,MB-7062,-0.1906
brca_metabric,MB-7063,MB-7063,-1.2136
brca_metabric,MB-7065,MB-7065,-0.7772
brca_metabric,MB-7066,MB-7066,-0.0272
brca_metabric,MB-7067,MB-7067,-0.9934
brca_metabric,MB-7068,MB-7068,1.2711
brca_metabric,MB-7069,MB-7069,-0.8111
brca_metabric,MB-7070,MB-7070,-0.9766
brca_metabric,MB-7071,MB-7071,-0.4865
brca_metabric,MB-7072,MB-7072,-0.3149
brca_metabric,MB-7073,MB-7073,-0.8294
brca_metabric,MB-7074,MB-7074,-1.3059
brca_metabric,MB-7075,MB-7075,-1.4269
brca_metabric,MB-7076,MB-7076,-1.4061
brca_metabric,MB-7077,MB-7077,-0.4485
brca_metabric,MB-7078,MB-7078,-0.6328
brca_metabric,MB-7079,MB-7079,0.3729
brca_metabric,MB-7080,MB-7080,-1.5332
brca_metabric,MB-7081,MB-7081,-1.3797
brca_metabric,MB-7082,MB-7082,-0.5067
brca_metabric,MB-7083,MB-7083,-0.7543
brca_metabric,MB-7084,MB-7084,-1.2285
brca_metabric,MB-7085,MB-7085,-0.6501
brca_metabric,MB-7086,MB-7086,-1.4002
brca_metabric,MB-7087,MB-7087,-0.5103
brca_metabric,MB-7088,MB-7088,-0.6811
brca_metabric,MB-7089,MB-7089,0.1044
brca_metabric,MB-7090,MB-7090,-0.2713
brca_metabric,MB-7091,MB-7091,-0.8489
brca_metabric,MB-7092,MB-7092,1.8056
brca_metabric,MB-7093,MB-7093,-0.5307
brca_metabric,MB-7094,MB-7094,1.1499
brca_metabric,MB-7095,MB-7095,0.0699
brca_metabric,MB-7096,MB-7096,1.2054
brca_metabric,MB-7097,MB-7097,-1.0941
brca_metabric,MB-7099,MB-7099,-0.4666
brca_metabric,MB-7100,MB-7100,0.5079
brca_metabric,MB-7101,MB-7101,0.0963
brca_metabric,MB-7102,MB-7102,-1.6524
brca_metabric,MB-7104,MB-7104,-0.2625
brca_metabric,MB-7106,MB-7106,-0.2248
brca_metabric,MB-7107,MB-7107,-0.8275
brca_metabric,MB-7109,MB-7109,1.4489
brca_metabric,MB-7111,MB-7111,-0.3601
brca_metabric,MB-7112,MB-7112,1.1531
brca_metabric,MB-7113,MB-7113,-0.0597
brca_metabric,MB-7114,MB-7114,0.5506
brca_metabric,MB-7115,MB-7115,1.3852
brca_metabric,MB-7116,MB-7116,1.384
brca_metabric,MB-7118,MB-7118,-0.1002
brca_metabric,MB-7119,MB-7119,1.0199
brca_metabric,MB-7121,MB-7121,1.4774
brca_metabric,MB-7122,MB-7122,-1.0327
brca_metabric,MB-7123,MB-7123,0.2045
brca_metabric,MB-7124,MB-7124,-0.17
brca_metabric,MB-7127,MB-7127,-1.3251
brca_metabric,MB-7128,MB-7128,-0.4401
brca_metabric,MB-7130,MB-7130,0.9608
brca_metabric,MB-7131,MB-7131,0.353
brca_metabric,MB-7132,MB-7132,-0.6146
brca_metabric,MB-7133,MB-7133,1.2941
brca_metabric,MB-7135,MB-7135,-0.0859
brca_metabric,MB-7137,MB-7137,-0.4492
brca_metabric,MB-7138,MB-7138,0.4798
brca_metabric,MB-7140,MB-7140,0.5751
brca_metabric,MB-7141,MB-7141,0.6405
brca_metabric,MB-7142,MB-7142,1.7301
brca_metabric,MB-7143,MB-7143,-2.0842
brca_metabric,MB-7144,MB-7144,-1.8107
brca_metabric,MB-7145,MB-7145,-0.0563
brca_metabric,MB-7147,MB-7147,-1.1064
brca_metabric,MB-7148,MB-7148,-1.1604
brca_metabric,MB-7149,MB-7149,0.0725
brca_metabric,MB-7150,MB-7150,-0.6342
brca_metabric,MB-7151,MB-7151,-1.1278
brca_metabric,MB-7152,MB-7152,-0.7868
brca_metabric,MB-7153,MB-7153,-1.6941
brca_metabric,MB-7154,MB-7154,-0.497
brca_metabric,MB-7155,MB-7155,-0.4747
brca_metabric,MB-7157,MB-7157,0.1238
brca_metabric,MB-7158,MB-7158,0.9881
brca_metabric,MB-7159,MB-7159,-0.8489
brca_metabric,MB-7160,MB-7160,-0.0118
brca_metabric,MB-7161,MB-7161,1.0529
brca_metabric,MB-7162,MB-7162,0.6176
brca_metabric,MB-7163,MB-7163,-0.7464
brca_metabric,MB-7164,MB-7164,0.6156
brca_metabric,MB-7165,MB-7165,-0.4598
brca_metabric,MB-7167,MB-7167,-1.1854
brca_metabric,MB-7168,MB-7168,0.0062
brca_metabric,MB-7170,MB-7170,1.4729
brca_metabric,MB-7171,MB-7171,0.3662
brca_metabric,MB-7172,MB-7172,-0.2167
brca_metabric,MB-7173,MB-7173,-0.3173
brca_metabric,MB-7174,MB-7174,-0.0349
brca_metabric,MB-7176,MB-7176,-0.7635
brca_metabric,MB-7181,MB-7181,0.4238
brca_metabric,MB-7182,MB-7182,-0.7888
brca_metabric,MB-7185,MB-7185,-0.8408
brca_metabric,MB-7186,MB-7186,-0.8767
brca_metabric,MB-7187,MB-7187,0.0027
brca_metabric,MB-7188,MB-7188,0.2335
brca_metabric,MB-7189,MB-7189,0.2344
brca_metabric,MB-7193,MB-7193,-0.7074
brca_metabric,MB-7194,MB-7194,1.0476
brca_metabric,MB-7195,MB-7195,-0.9191
brca_metabric,MB-7196,MB-7196,-1.0851
brca_metabric,MB-7197,MB-7197,-0.5381
brca_metabric,MB-7198,MB-7198,-0.028
brca_metabric,MB-7199,MB-7199,-1.1594
brca_metabric,MB-7200,MB-7200,-1.0706
brca_metabric,MB-7201,MB-7201,1.0093
brca_metabric,MB-7205,MB-7205,-0.3141
brca_metabric,MB-7207,MB-7207,0.5216
brca_metabric,MB-7208,MB-7208,0.7823
brca_metabric,MB-7212,MB-7212,1.4671
brca_metabric,MB-7215,MB-7215,-1.0978
brca_metabric,MB-7216,MB-7216,0.0585
brca_metabric,MB-7217,MB-7217,-0.2159
brca_metabric,MB-7218,MB-7218,-1.1021
brca_metabric,MB-7219,MB-7219,-0.4272
brca_metabric,MB-7220,MB-7220,0.3568
brca_metabric,MB-7225,MB-7225,1.2075
brca_metabric,MB-7226,MB-7226,0.755
brca_metabric,MB-7227,MB-7227,-0.3586
brca_metabric,MB-7228,MB-7228,-1.985
brca_metabric,MB-7229,MB-7229,0.0243
brca_metabric,MB-7230,MB-7230,-0.506
brca_metabric,MB-7231,MB-7231,0.5919
brca_metabric,MB-7232,MB-7232,1.1868
brca_metabric,MB-7233,MB-7233,-0.3046
brca_metabric,MB-7234,MB-7234,1.3704
brca_metabric,MB-7235,MB-7235,-0.5147
brca_metabric,MB-7236,MB-7236,-0.7226
brca_metabric,MB-7237,MB-7237,-0.9581
brca_metabric,MB-7238,MB-7238,0.4951
brca_metabric,MB-7241,MB-7241,0.0699
brca_metabric,MB-7243,MB-7243,-0.4925
brca_metabric,MB-7244,MB-7244,-0.994
brca_metabric,MB-7249,MB-7249,-1.0641
brca_metabric,MB-7250,MB-7250,0.5516
brca_metabric,MB-7251,MB-7251,-0.407
brca_metabric,MB-7252,MB-7252,-1.2044
brca_metabric,MB-7253,MB-7253,1.3396
brca_metabric,MB-7254,MB-7254,-1.2548
brca_metabric,MB-7256,MB-7256,-0.1964
brca_metabric,MB-7258,MB-7258,0.3568
brca_metabric,MB-7260,MB-7260,-0.9761
brca_metabric,MB-7262,MB-7262,0.2693
brca_metabric,MB-7263,MB-7263,-0.9854
brca_metabric,MB-7264,MB-7264,0.4807
brca_metabric,MB-7266,MB-7266,0.6534
brca_metabric,MB-7267,MB-7267,-0.804
brca_metabric,MB-7268,MB-7268,0.1009
brca_metabric,MB-7269,MB-7269,2.128
brca_metabric,MB-7270,MB-7270,0.4624
brca_metabric,MB-7273,MB-7273,-0.4236
brca_metabric,MB-7275,MB-7275,-0.8998
brca_metabric,MB-7276,MB-7276,0.7439
brca_metabric,MB-7277,MB-7277,1.3061
brca_metabric,MB-7278,MB-7278,-0.5641
brca_metabric,MB-7279,MB-7279,-1.229
brca_metabric,MB-7280,MB-7280,-1.3443
brca_metabric,MB-7281,MB-7281,0.3492
brca_metabric,MB-7283,MB-7283,-0.184
brca_metabric,MB-7284,MB-7284,-1.1422
brca_metabric,MB-7285,MB-7285,-1.0504
brca_metabric,MB-7286,MB-7286,0.273
brca_metabric,MB-7287,MB-7287,-0.9392
brca_metabric,MB-7288,MB-7288,-0.4643
brca_metabric,MB-7289,MB-7289,-1.1961
brca_metabric,MB-7291,MB-7291,-0.7431
brca_metabric,MB-7292,MB-7292,-0.9107
brca_metabric,MB-7293,MB-7293,-1.1761
brca_metabric,MB-7294,MB-7294,-0.6967
brca_metabric,MB-7295,MB-7295,-1.3829
brca_metabric,MB-7296,MB-7296,1.1499
brca_metabric,MB-7297,MB-7297,-0.4424
brca_metabric,MB-7298,MB-7298,-0.3703
brca_metabric,MB-7299,MB-7299,-0.5184
brca_metabric,MTS-T0035,MTS-T0035,NA
brca_metabric,MTS-T0058,MTS-T0058,NA
brca_metabric,MTS-T0059,MTS-T0059,NA
brca_metabric,MTS-T0060,MTS-T0060,NA
brca_metabric,MTS-T0061,MTS-T0061,NA
brca_metabric,MTS-T0062,MTS-T0062,NA
brca_metabric,MTS-T0063,MTS-T0063,NA
brca_metabric,MTS-T0064,MTS-T0064,NA
brca_metabric,MTS-T0065,MTS-T0065,NA
brca_metabric,MTS-T0066,MTS-T0066,NA
brca_metabric,MTS-T0067,MTS-T0067,NA
brca_metabric,MTS-T0068,MTS-T0068,NA
brca_metabric,MTS-T0069,MTS-T0069,NA
brca_metabric,MTS-T0070,MTS-T0070,NA
brca_metabric,MTS-T0071,MTS-T0071,NA
brca_metabric,MTS-T0072,MTS-T0072,NA
brca_metabric,MTS-T0073,MTS-T0073,NA
brca_metabric,MTS-T0074,MTS-T0074,NA
brca_metabric,MTS-T0075,MTS-T0075,NA
brca_metabric,MTS-T0076,MTS-T0076,NA
brca_metabric,MTS-T0077,MTS-T0077,NA
brca_metabric,MTS-T0078,MTS-T0078,NA
brca_metabric,MTS-T0079,MTS-T0079,NA
brca_metabric,MTS-T0080,MTS-T0080,NA
brca_metabric,MTS-T0081,MTS-T0081,NA
brca_metabric,MTS-T0082,MTS-T0082,NA
brca_metabric,MTS-T0083,MTS-T0083,NA
brca_metabric,MTS-T0084,MTS-T0084,NA
brca_metabric,MTS-T0085,MTS-T0085,NA
brca_metabric,MTS-T0086,MTS-T0086,NA
brca_metabric,MTS-T0087,MTS-T0087,NA
brca_metabric,MTS-T0088,MTS-T0088,NA
brca_metabric,MTS-T0089,MTS-T0089,NA
brca_metabric,MTS-T0090,MTS-T0090,NA
brca_metabric,MTS-T0091,MTS-T0091,NA
brca_metabric,MTS-T0092,MTS-T0092,NA
brca_metabric,MTS-T0093,MTS-T0093,NA
brca_metabric,MTS-T0094,MTS-T0094,NA
brca_metabric,MTS-T0095,MTS-T0095,NA
brca_metabric,MTS-T0131,MTS-T0131,NA
brca_metabric,MTS-T0132,MTS-T0132,NA
brca_metabric,MTS-T0133,MTS-T0133,NA
brca_metabric,MTS-T0134,MTS-T0134,NA
brca_metabric,MTS-T0135,MTS-T0135,NA
brca_metabric,MTS-T0136,MTS-T0136,NA
brca_metabric,MTS-T0137,MTS-T0137,NA
brca_metabric,MTS-T0138,MTS-T0138,NA
brca_metabric,MTS-T0139,MTS-T0139,NA
brca_metabric,MTS-T0140,MTS-T0140,NA
brca_metabric,MTS-T0141,MTS-T0141,NA
brca_metabric,MTS-T0142,MTS-T0142,NA
brca_metabric,MTS-T0143,MTS-T0143,NA
brca_metabric,MTS-T0144,MTS-T0144,NA
brca_metabric,MTS-T0145,MTS-T0145,NA
brca_metabric,MTS-T0146,MTS-T0146,NA
brca_metabric,MTS-T0147,MTS-T0147,NA
brca_metabric,MTS-T0148,MTS-T0148,NA
brca_metabric,MTS-T0149,MTS-T0149,NA
brca_metabric,MTS-T0150,MTS-T0150,NA
brca_metabric,MTS-T0151,MTS-T0151,NA
brca_metabric,MTS-T0152,MTS-T0152,NA
brca_metabric,MTS-T0153,MTS-T0153,NA
brca_metabric,MTS-T0154,MTS-T0154,NA
brca_metabric,MTS-T0155,MTS-T0155,NA
brca_metabric,MTS-T0156,MTS-T0156,NA
brca_metabric,MTS-T0157,MTS-T0157,NA
brca_metabric,MTS-T0158,MTS-T0158,NA
brca_metabric,MTS-T0159,MTS-T0159,NA
brca_metabric,MTS-T0160,MTS-T0160,NA
brca_metabric,MTS-T0161,MTS-T0161,NA
brca_metabric,MTS-T0162,MTS-T0162,NA
brca_metabric,MTS-T0163,MTS-T0163,NA
brca_metabric,MTS-T0164,MTS-T0164,NA
brca_metabric,MTS-T0165,MTS-T0165,NA
brca_metabric,MTS-T0166,MTS-T0166,NA
brca_metabric,MTS-T0167,MTS-T0167,NA
brca_metabric,MTS-T0168,MTS-T0168,NA
brca_metabric,MTS-T0169,MTS-T0169,NA
brca_metabric,MTS-T0170,MTS-T0170,NA
brca_metabric,MTS-T0171,MTS-T0171,NA
brca_metabric,MTS-T0172,MTS-T0172,NA
brca_metabric,MTS-T0173,MTS-T0173,NA
brca_metabric,MTS-T0174,MTS-T0174,NA
brca_metabric,MTS-T0175,MTS-T0175,NA
brca_metabric,MTS-T0176,MTS-T0176,NA
brca_metabric,MTS-T0177,MTS-T0177,NA
brca_metabric,MTS-T0178,MTS-T0178,NA
brca_metabric,MTS-T0179,MTS-T0179,NA
brca_metabric,MTS-T0180,MTS-T0180,NA
brca_metabric,MTS-T0181,MTS-T0181,NA
brca_metabric,MTS-T0182,MTS-T0182,NA
brca_metabric,MTS-T0183,MTS-T0183,NA
brca_metabric,MTS-T0184,MTS-T0184,NA
brca_metabric,MTS-T0185,MTS-T0185,NA
brca_metabric,MTS-T0186,MTS-T0186,NA
brca_metabric,MTS-T0187,MTS-T0187,NA
brca_metabric,MTS-T0188,MTS-T0188,NA
brca_metabric,MTS-T0189,MTS-T0189,NA
brca_metabric,MTS-T0190,MTS-T0190,NA
brca_metabric,MTS-T0191,MTS-T0191,NA
brca_metabric,MTS-T0192,MTS-T0192,NA
brca_metabric,MTS-T0193,MTS-T0193,NA
brca_metabric,MTS-T0194,MTS-T0194,NA
brca_metabric,MTS-T0195,MTS-T0195,NA
brca_metabric,MTS-T0196,MTS-T0196,NA
brca_metabric,MTS-T0197,MTS-T0197,NA
brca_metabric,MTS-T0198,MTS-T0198,NA
brca_metabric,MTS-T0199,MTS-T0199,NA
brca_metabric,MTS-T0200,MTS-T0200,NA
brca_metabric,MTS-T0201,MTS-T0201,NA
brca_metabric,MTS-T0202,MTS-T0202,NA
brca_metabric,MTS-T0203,MTS-T0203,NA
brca_metabric,MTS-T0204,MTS-T0204,NA
brca_metabric,MTS-T0205,MTS-T0205,NA
brca_metabric,MTS-T0206,MTS-T0206,NA
brca_metabric,MTS-T0207,MTS-T0207,NA
brca_metabric,MTS-T0208,MTS-T0208,NA
brca_metabric,MTS-T0209,MTS-T0209,NA
brca_metabric,MTS-T0210,MTS-T0210,NA
brca_metabric,MTS-T0211,MTS-T0211,NA
brca_metabric,MTS-T0212,MTS-T0212,NA
brca_metabric,MTS-T0213,MTS-T0213,NA
brca_metabric,MTS-T0214,MTS-T0214,NA
brca_metabric,MTS-T0215,MTS-T0215,NA
brca_metabric,MTS-T0216,MTS-T0216,NA
brca_metabric,MTS-T0217,MTS-T0217,NA
brca_metabric,MTS-T0218,MTS-T0218,NA
brca_metabric,MTS-T0219,MTS-T0219,NA
brca_metabric,MTS-T0220,MTS-T0220,NA
brca_metabric,MTS-T0221,MTS-T0221,NA
brca_metabric,MTS-T0222,MTS-T0222,NA
brca_metabric,MTS-T0223,MTS-T0223,NA
brca_metabric,MTS-T0224,MTS-T0224,NA
brca_metabric,MTS-T0225,MTS-T0225,NA
brca_metabric,MTS-T0226,MTS-T0226,NA
brca_metabric,MTS-T0227,MTS-T0227,NA
brca_metabric,MTS-T0228,MTS-T0228,NA
brca_metabric,MTS-T0229,MTS-T0229,NA
brca_metabric,MTS-T0230,MTS-T0230,NA
brca_metabric,MTS-T0231,MTS-T0231,NA
brca_metabric,MTS-T0232,MTS-T0232,NA
brca_metabric,MTS-T0233,MTS-T0233,NA
brca_metabric,MTS-T0234,MTS-T0234,NA
brca_metabric,MTS-T0235,MTS-T0235,NA
brca_metabric,MTS-T0236,MTS-T0236,NA
brca_metabric,MTS-T0237,MTS-T0237,NA
brca_metabric,MTS-T0238,MTS-T0238,NA
brca_metabric,MTS-T0239,MTS-T0239,NA
brca_metabric,MTS-T0240,MTS-T0240,NA
brca_metabric,MTS-T0241,MTS-T0241,NA
brca_metabric,MTS-T0242,MTS-T0242,NA
brca_metabric,MTS-T0243,MTS-T0243,NA
brca_metabric,MTS-T0244,MTS-T0244,NA
brca_metabric,MTS-T0245,MTS-T0245,NA
brca_metabric,MTS-T0246,MTS-T0246,NA
brca_metabric,MTS-T0247,MTS-T0247,NA
brca_metabric,MTS-T0248,MTS-T0248,NA
brca_metabric,MTS-T0249,MTS-T0249,NA
brca_metabric,MTS-T0250,MTS-T0250,NA
brca_metabric,MTS-T0251,MTS-T0251,NA
brca_metabric,MTS-T0252,MTS-T0252,NA
brca_metabric,MTS-T0253,MTS-T0253,NA
brca_metabric,MTS-T0254,MTS-T0254,NA
brca_metabric,MTS-T0255,MTS-T0255,NA
brca_metabric,MTS-T0256,MTS-T0256,NA
brca_metabric,MTS-T0257,MTS-T0257,NA
brca_metabric,MTS-T0258,MTS-T0258,NA
brca_metabric,MTS-T0259,MTS-T0259,NA
brca_metabric,MTS-T0260,MTS-T0260,NA
brca_metabric,MTS-T0261,MTS-T0261,NA
brca_metabric,MTS-T0262,MTS-T0262,NA
brca_metabric,MTS-T0266,MTS-T0266,NA
brca_metabric,MTS-T0273,MTS-T0273,NA
brca_metabric,MTS-T0275,MTS-T0275,NA
brca_metabric,MTS-T0276,MTS-T0276,NA
brca_metabric,MTS-T0279,MTS-T0279,NA
brca_metabric,MTS-T0281,MTS-T0281,NA
brca_metabric,MTS-T0285,MTS-T0285,NA
brca_metabric,MTS-T0286,MTS-T0286,NA
brca_metabric,MTS-T0299,MTS-T0299,NA
brca_metabric,MTS-T0303,MTS-T0303,NA
brca_metabric,MTS-T0304,MTS-T0304,NA
brca_metabric,MTS-T0305,MTS-T0305,NA
brca_metabric,MTS-T0312,MTS-T0312,NA
brca_metabric,MTS-T0313,MTS-T0313,NA
brca_metabric,MTS-T0325,MTS-T0325,NA
brca_metabric,MTS-T0327,MTS-T0327,NA
brca_metabric,MTS-T0328,MTS-T0328,NA
brca_metabric,MTS-T0329,MTS-T0329,NA
brca_metabric,MTS-T0330,MTS-T0330,NA
brca_metabric,MTS-T0331,MTS-T0331,NA
brca_metabric,MTS-T0332,MTS-T0332,NA
brca_metabric,MTS-T0333,MTS-T0333,NA
brca_metabric,MTS-T0334,MTS-T0334,NA
brca_metabric,MTS-T0335,MTS-T0335,NA
brca_metabric,MTS-T0336,MTS-T0336,NA
brca_metabric,MTS-T0337,MTS-T0337,NA
brca_metabric,MTS-T0338,MTS-T0338,NA
brca_metabric,MTS-T0339,MTS-T0339,NA
brca_metabric,MTS-T0340,MTS-T0340,NA
brca_metabric,MTS-T0341,MTS-T0341,NA
brca_metabric,MTS-T0342,MTS-T0342,NA
brca_metabric,MTS-T0343,MTS-T0343,NA
brca_metabric,MTS-T0344,MTS-T0344,NA
brca_metabric,MTS-T0345,MTS-T0345,NA
brca_metabric,MTS-T0346,MTS-T0346,NA
brca_metabric,MTS-T0347,MTS-T0347,NA
brca_metabric,MTS-T0348,MTS-T0348,NA
brca_metabric,MTS-T0349,MTS-T0349,NA
brca_metabric,MTS-T0350,MTS-T0350,NA
brca_metabric,MTS-T0351,MTS-T0351,NA
brca_metabric,MTS-T0352,MTS-T0352,NA
brca_metabric,MTS-T0353,MTS-T0353,NA
brca_metabric,MTS-T0354,MTS-T0354,NA
brca_metabric,MTS-T0355,MTS-T0355,NA
brca_metabric,MTS-T0356,MTS-T0356,NA
brca_metabric,MTS-T0357,MTS-T0357,NA
brca_metabric,MTS-T0358,MTS-T0358,NA
brca_metabric,MTS-T0359,MTS-T0359,NA
brca_metabric,MTS-T0360,MTS-T0360,NA
brca_metabric,MTS-T0361,MTS-T0361,NA
brca_metabric,MTS-T0362,MTS-T0362,NA
brca_metabric,MTS-T0363,MTS-T0363,NA
brca_metabric,MTS-T0364,MTS-T0364,NA
brca_metabric,MTS-T0365,MTS-T0365,NA
brca_metabric,MTS-T0366,MTS-T0366,NA
brca_metabric,MTS-T0367,MTS-T0367,NA
brca_metabric,MTS-T0368,MTS-T0368,NA
brca_metabric,MTS-T0369,MTS-T0369,NA
brca_metabric,MTS-T0370,MTS-T0370,NA
brca_metabric,MTS-T0371,MTS-T0371,NA
brca_metabric,MTS-T0372,MTS-T0372,NA
brca_metabric,MTS-T0373,MTS-T0373,NA
brca_metabric,MTS-T0374,MTS-T0374,NA
brca_metabric,MTS-T0375,MTS-T0375,NA
brca_metabric,MTS-T0376,MTS-T0376,NA
brca_metabric,MTS-T0377,MTS-T0377,NA
brca_metabric,MTS-T0378,MTS-T0378,NA
brca_metabric,MTS-T0379,MTS-T0379,NA
brca_metabric,MTS-T0380,MTS-T0380,NA
brca_metabric,MTS-T0381,MTS-T0381,NA
brca_metabric,MTS-T0382,MTS-T0382,NA
brca_metabric,MTS-T0383,MTS-T0383,NA
brca_metabric,MTS-T0384,MTS-T0384,NA
brca_metabric,MTS-T0385,MTS-T0385,NA
brca_metabric,MTS-T0386,MTS-T0386,NA
brca_metabric,MTS-T0387,MTS-T0387,NA
brca_metabric,MTS-T0388,MTS-T0388,NA
brca_metabric,MTS-T0389,MTS-T0389,NA
brca_metabric,MTS-T0390,MTS-T0390,NA
brca_metabric,MTS-T0391,MTS-T0391,NA
brca_metabric,MTS-T0392,MTS-T0392,NA
brca_metabric,MTS-T0393,MTS-T0393,NA
brca_metabric,MTS-T0394,MTS-T0394,NA
brca_metabric,MTS-T0395,MTS-T0395,NA
brca_metabric,MTS-T0396,MTS-T0396,NA
brca_metabric,MTS-T0397,MTS-T0397,NA
brca_metabric,MTS-T0398,MTS-T0398,NA
brca_metabric,MTS-T0399,MTS-T0399,NA
brca_metabric,MTS-T0400,MTS-T0400,NA
brca_metabric,MTS-T0401,MTS-T0401,NA
brca_metabric,MTS-T0402,MTS-T0402,NA
brca_metabric,MTS-T0403,MTS-T0403,NA
brca_metabric,MTS-T0404,MTS-T0404,NA
brca_metabric,MTS-T0405,MTS-T0405,NA
brca_metabric,MTS-T0406,MTS-T0406,NA
brca_metabric,MTS-T0407,MTS-T0407,NA
brca_metabric,MTS-T0408,MTS-T0408,NA
brca_metabric,MTS-T0409,MTS-T0409,NA
brca_metabric,MTS-T0456,MTS-T0456,NA
brca_metabric,MTS-T0466,MTS-T0466,NA
brca_metabric,MTS-T0468,MTS-T0468,NA
brca_metabric,MTS-T0479,MTS-T0479,NA
brca_metabric,MTS-T0490,MTS-T0490,NA
brca_metabric,MTS-T0508,MTS-T0508,NA
brca_metabric,MTS-T0510,MTS-T0510,NA
brca_metabric,MTS-T0515,MTS-T0515,NA
brca_metabric,MTS-T0516,MTS-T0516,NA
brca_metabric,MTS-T0525,MTS-T0525,NA
brca_metabric,MTS-T0528,MTS-T0528,NA
brca_metabric,MTS-T0558,MTS-T0558,NA
brca_metabric,MTS-T0600,MTS-T0600,NA
brca_metabric,MTS-T0602,MTS-T0602,NA
brca_metabric,MTS-T0646,MTS-T0646,NA
brca_metabric,MTS-T0652,MTS-T0652,NA
brca_metabric,MTS-T0673,MTS-T0673,NA
brca_metabric,MTS-T0685,MTS-T0685,NA
brca_metabric,MTS-T0689,MTS-T0689,NA
brca_metabric,MTS-T0690,MTS-T0690,NA
brca_metabric,MTS-T0691,MTS-T0691,NA
brca_metabric,MTS-T0692,MTS-T0692,NA
brca_metabric,MTS-T0693,MTS-T0693,NA
brca_metabric,MTS-T0694,MTS-T0694,NA
brca_metabric,MTS-T0695,MTS-T0695,NA
brca_metabric,MTS-T0696,MTS-T0696,NA
brca_metabric,MTS-T0697,MTS-T0697,NA
brca_metabric,MTS-T0698,MTS-T0698,NA
brca_metabric,MTS-T0699,MTS-T0699,NA
brca_metabric,MTS-T0700,MTS-T0700,NA
brca_metabric,MTS-T0701,MTS-T0701,NA
brca_metabric,MTS-T0702,MTS-T0702,NA
brca_metabric,MTS-T0703,MTS-T0703,NA
brca_metabric,MTS-T0704,MTS-T0704,NA
brca_metabric,MTS-T0705,MTS-T0705,NA
brca_metabric,MTS-T0706,MTS-T0706,NA
brca_metabric,MTS-T0707,MTS-T0707,NA
brca_metabric,MTS-T0708,MTS-T0708,NA
brca_metabric,MTS-T0709,MTS-T0709,NA
brca_metabric,MTS-T0710,MTS-T0710,NA
brca_metabric,MTS-T0711,MTS-T0711,NA
brca_metabric,MTS-T0712,MTS-T0712,NA
brca_metabric,MTS-T0713,MTS-T0713,NA
brca_metabric,MTS-T0714,MTS-T0714,NA
brca_metabric,MTS-T0715,MTS-T0715,NA
brca_metabric,MTS-T0716,MTS-T0716,NA
brca_metabric,MTS-T0717,MTS-T0717,NA
brca_metabric,MTS-T0718,MTS-T0718,NA
brca_metabric,MTS-T0719,MTS-T0719,NA
brca_metabric,MTS-T0720,MTS-T0720,NA
brca_metabric,MTS-T0721,MTS-T0721,NA
brca_metabric,MTS-T0722,MTS-T0722,NA
brca_metabric,MTS-T0723,MTS-T0723,NA
brca_metabric,MTS-T0724,MTS-T0724,NA
brca_metabric,MTS-T0725,MTS-T0725,NA
brca_metabric,MTS-T0726,MTS-T0726,NA
brca_metabric,MTS-T0737,MTS-T0737,NA
brca_metabric,MTS-T0788,MTS-T0788,NA
brca_metabric,MTS-T0824,MTS-T0824,NA
brca_metabric,MTS-T0877,MTS-T0877,NA
brca_metabric,MTS-T0883,MTS-T0883,NA
brca_metabric,MTS-T0911,MTS-T0911,NA
brca_metabric,MTS-T0927,MTS-T0927,NA
brca_metabric,MTS-T0951,MTS-T0951,NA
brca_metabric,MTS-T1000,MTS-T1000,NA
brca_metabric,MTS-T1020,MTS-T1020,NA
brca_metabric,MTS-T1047,MTS-T1047,NA
brca_metabric,MTS-T1088,MTS-T1088,NA
brca_metabric,MTS-T1134,MTS-T1134,NA
brca_metabric,MTS-T1138,MTS-T1138,NA
brca_metabric,MTS-T1161,MTS-T1161,NA
brca_metabric,MTS-T1185,MTS-T1185,NA
brca_metabric,MTS-T1189,MTS-T1189,NA
brca_metabric,MTS-T1191,MTS-T1191,NA
brca_metabric,MTS-T1203,MTS-T1203,NA
brca_metabric,MTS-T1213,MTS-T1213,NA
brca_metabric,MTS-T1223,MTS-T1223,NA
brca_metabric,MTS-T1240,MTS-T1240,NA
brca_metabric,MTS-T1248,MTS-T1248,NA
brca_metabric,MTS-T1259,MTS-T1259,NA
brca_metabric,MTS-T1264,MTS-T1264,NA
brca_metabric,MTS-T1269,MTS-T1269,NA
brca_metabric,MTS-T1270,MTS-T1270,NA
brca_metabric,MTS-T1272,MTS-T1272,NA
brca_metabric,MTS-T1273,MTS-T1273,NA
brca_metabric,MTS-T1275,MTS-T1275,NA
brca_metabric,MTS-T1276,MTS-T1276,NA
brca_metabric,MTS-T1277,MTS-T1277,NA
brca_metabric,MTS-T1278,MTS-T1278,NA
brca_metabric,MTS-T1279,MTS-T1279,NA
brca_metabric,MTS-T1280,MTS-T1280,NA
brca_metabric,MTS-T1281,MTS-T1281,NA
brca_metabric,MTS-T1282,MTS-T1282,NA
brca_metabric,MTS-T1283,MTS-T1283,NA
brca_metabric,MTS-T1284,MTS-T1284,NA
brca_metabric,MTS-T1285,MTS-T1285,NA
brca_metabric,MTS-T1286,MTS-T1286,NA
brca_metabric,MTS-T1287,MTS-T1287,NA
brca_metabric,MTS-T1288,MTS-T1288,NA
brca_metabric,MTS-T1289,MTS-T1289,NA
brca_metabric,MTS-T1290,MTS-T1290,NA
brca_metabric,MTS-T1291,MTS-T1291,NA
brca_metabric,MTS-T1292,MTS-T1292,NA
brca_metabric,MTS-T1293,MTS-T1293,NA
brca_metabric,MTS-T1294,MTS-T1294,NA
brca_metabric,MTS-T1295,MTS-T1295,NA
brca_metabric,MTS-T1296,MTS-T1296,NA
brca_metabric,MTS-T1297,MTS-T1297,NA
brca_metabric,MTS-T1298,MTS-T1298,NA
brca_metabric,MTS-T1299,MTS-T1299,NA
brca_metabric,MTS-T1300,MTS-T1300,NA
brca_metabric,MTS-T1301,MTS-T1301,NA
brca_metabric,MTS-T1302,MTS-T1302,NA
brca_metabric,MTS-T1303,MTS-T1303,NA
brca_metabric,MTS-T1304,MTS-T1304,NA
brca_metabric,MTS-T1305,MTS-T1305,NA
brca_metabric,MTS-T1306,MTS-T1306,NA
brca_metabric,MTS-T1307,MTS-T1307,NA
brca_metabric,MTS-T1308,MTS-T1308,NA
brca_metabric,MTS-T1309,MTS-T1309,NA
brca_metabric,MTS-T1310,MTS-T1310,NA
brca_metabric,MTS-T1311,MTS-T1311,NA
brca_metabric,MTS-T1312,MTS-T1312,NA
brca_metabric,MTS-T1313,MTS-T1313,NA
brca_metabric,MTS-T1314,MTS-T1314,NA
brca_metabric,MTS-T1326,MTS-T1326,NA
brca_metabric,MTS-T1329,MTS-T1329,NA
brca_metabric,MTS-T1366,MTS-T1366,NA
brca_metabric,MTS-T1454,MTS-T1454,NA
brca_metabric,MTS-T1501,MTS-T1501,NA
brca_metabric,MTS-T1502,MTS-T1502,NA
brca_metabric,MTS-T1503,MTS-T1503,NA
brca_metabric,MTS-T1504,MTS-T1504,NA
brca_metabric,MTS-T1514,MTS-T1514,NA
brca_metabric,MTS-T1515,MTS-T1515,NA
brca_metabric,MTS-T1516,MTS-T1516,NA
brca_metabric,MTS-T1517,MTS-T1517,NA
brca_metabric,MTS-T1522,MTS-T1522,NA
brca_metabric,MTS-T1525,MTS-T1525,NA
brca_metabric,MTS-T1526,MTS-T1526,NA
brca_metabric,MTS-T1527,MTS-T1527,NA
brca_metabric,MTS-T1537,MTS-T1537,NA
brca_metabric,MTS-T1548,MTS-T1548,NA
brca_metabric,MTS-T1549,MTS-T1549,NA
brca_metabric,MTS-T1560,MTS-T1560,NA
brca_metabric,MTS-T1561,MTS-T1561,NA
brca_metabric,MTS-T1571,MTS-T1571,NA
brca_metabric,MTS-T1576,MTS-T1576,NA
brca_metabric,MTS-T1582,MTS-T1582,NA
brca_metabric,MTS-T1583,MTS-T1583,NA
brca_metabric,MTS-T1605,MTS-T1605,NA
brca_metabric,MTS-T1616,MTS-T1616,NA
brca_metabric,MTS-T1633,MTS-T1633,NA
brca_metabric,MTS-T1659,MTS-T1659,NA
brca_metabric,MTS-T1706,MTS-T1706,NA
brca_metabric,MTS-T1774,MTS-T1774,NA
brca_metabric,MTS-T1800,MTS-T1800,NA
brca_metabric,MTS-T1829,MTS-T1829,NA
brca_metabric,MTS-T1847,MTS-T1847,NA
brca_metabric,MTS-T1865,MTS-T1865,NA
brca_metabric,MTS-T1872,MTS-T1872,NA
brca_metabric,MTS-T1922,MTS-T1922,NA
brca_metabric,MTS-T1945,MTS-T1945,NA
brca_metabric,MTS-T1954,MTS-T1954,NA
brca_metabric,MTS-T1962,MTS-T1962,NA
brca_metabric,MTS-T1971,MTS-T1971,NA
brca_metabric,MTS-T1973,MTS-T1973,NA
brca_metabric,MTS-T1983,MTS-T1983,NA
brca_metabric,MTS-T1985,MTS-T1985,NA
brca_metabric,MTS-T1991,MTS-T1991,NA
brca_metabric,MTS-T2018,MTS-T2018,NA
brca_metabric,MTS-T2030,MTS-T2030,NA
brca_metabric,MTS-T2031,MTS-T2031,NA
brca_metabric,MTS-T2043,MTS-T2043,NA
brca_metabric,MTS-T2044,MTS-T2044,NA
brca_metabric,MTS-T2047,MTS-T2047,NA
brca_metabric,MTS-T2053,MTS-T2053,NA
brca_metabric,MTS-T2054,MTS-T2054,NA
brca_metabric,MTS-T2055,MTS-T2055,NA
brca_metabric,MTS-T2064,MTS-T2064,NA
brca_metabric,MTS-T2065,MTS-T2065,NA
brca_metabric,MTS-T2066,MTS-T2066,NA
brca_metabric,MTS-T2068,MTS-T2068,NA
brca_metabric,MTS-T2073,MTS-T2073,NA
brca_metabric,MTS-T2074,MTS-T2074,NA
brca_metabric,MTS-T2075,MTS-T2075,NA
brca_metabric,MTS-T2076,MTS-T2076,NA
brca_metabric,MTS-T2083,MTS-T2083,NA
brca_metabric,MTS-T2084,MTS-T2084,NA
brca_metabric,MTS-T2085,MTS-T2085,NA
brca_metabric,MTS-T2086,MTS-T2086,NA
brca_metabric,MTS-T2087,MTS-T2087,NA
brca_metabric,MTS-T2090,MTS-T2090,NA
brca_metabric,MTS-T2094,MTS-T2094,NA
brca_metabric,MTS-T2095,MTS-T2095,NA
brca_metabric,MTS-T2096,MTS-T2096,NA
brca_metabric,MTS-T2097,MTS-T2097,NA
brca_metabric,MTS-T2104,MTS-T2104,NA
brca_metabric,MTS-T2105,MTS-T2105,NA
brca_metabric,MTS-T2106,MTS-T2106,NA
brca_metabric,MTS-T2107,MTS-T2107,NA
brca_metabric,MTS-T2115,MTS-T2115,NA
brca_metabric,MTS-T2116,MTS-T2116,NA
brca_metabric,MTS-T2117,MTS-T2117,NA
brca_metabric,MTS-T2118,MTS-T2118,NA
brca_metabric,MTS-T2126,MTS-T2126,NA
brca_metabric,MTS-T2127,MTS-T2127,NA
brca_metabric,MTS-T2128,MTS-T2128,NA
brca_metabric,MTS-T2129,MTS-T2129,NA
brca_metabric,MTS-T2150,MTS-T2150,NA
brca_metabric,MTS-T2153,MTS-T2153,NA
brca_metabric,MTS-T2167,MTS-T2167,NA
brca_metabric,MTS-T2178,MTS-T2178,NA
brca_metabric,MTS-T2189,MTS-T2189,NA
brca_metabric,MTS-T2190,MTS-T2190,NA
brca_metabric,MTS-T2191,MTS-T2191,NA
brca_metabric,MTS-T2206,MTS-T2206,NA
brca_metabric,MTS-T2212,MTS-T2212,NA
brca_metabric,MTS-T2291,MTS-T2291,NA
brca_metabric,MTS-T2304,MTS-T2304,NA
brca_metabric,MTS-T2320,MTS-T2320,NA
brca_metabric,MTS-T2391,MTS-T2391,NA
brca_metabric,MTS-T2392,MTS-T2392,NA
brca_metabric,MTS-T2393,MTS-T2393,NA
brca_metabric,MTS-T2398,MTS-T2398,NA
brca_metabric,MTS-T2402,MTS-T2402,NA
brca_metabric,MTS-T2403,MTS-T2403,NA
brca_metabric,MTS-T2404,MTS-T2404,NA
brca_metabric,MTS-T2405,MTS-T2405,NA
brca_metabric,MTS-T2406,MTS-T2406,NA
brca_metabric,MTS-T2407,MTS-T2407,NA
brca_metabric,MTS-T2408,MTS-T2408,NA
brca_metabric,MTS-T2409,MTS-T2409,NA
brca_metabric,MTS-T2410,MTS-T2410,NA
brca_metabric,MTS-T2412,MTS-T2412,NA
brca_metabric,MTS-T2413,MTS-T2413,NA
brca_metabric,MTS-T2414,MTS-T2414,NA
brca_metabric,MTS-T2415,MTS-T2415,NA
brca_metabric,MTS-T2416,MTS-T2416,NA
brca_metabric,MTS-T2417,MTS-T2417,NA
brca_metabric,MTS-T2418,MTS-T2418,NA
brca_metabric,MTS-T2419,MTS-T2419,NA
brca_metabric,MTS-T2420,MTS-T2420,NA
brca_metabric,MTS-T2421,MTS-T2421,NA
brca_metabric,MTS-T2422,MTS-T2422,NA
brca_metabric,MTS-T2423,MTS-T2423,NA
brca_metabric,MTS-T2424,MTS-T2424,NA
brca_metabric,MTS-T2425,MTS-T2425,NA
brca_metabric,MTS-T2426,MTS-T2426,NA
brca_metabric,MTS-T2427,MTS-T2427,NA
brca_metabric,MTS-T2428,MTS-T2428,NA
brca_metabric,MTS-T2429,MTS-T2429,NA
brca_metabric,MTS-T2430,MTS-T2430,NA
brca_metabric,MTS-T2431,MTS-T2431,NA
brca_metabric,MTS-T2432,MTS-T2432,NA
